date,symbol,yahoo_symbol,market,open,high,low,close,volume
2022-08-19,6854,6854.TW,上市,127.0,127.0,127.0,127.0,424000
2022-08-22,6854,6854.TW,上市,139.5,139.5,139.5,139.5,597000
2022-08-23,6854,6854.TW,上市,146.0,146.0,126.0,128.0,1608076
2022-08-24,6854,6854.TW,上市,127.0,127.0,115.5,115.5,536308
2022-08-25,6854,6854.TW,上市,106.0,106.0,104.0,104.0,325355
2022-08-26,6854,6854.TW,上市,100.0,109.5,99.199997,108.0,420000
2022-08-29,6854,6854.TW,上市,102.0,106.0,100.5,106.0,143000
2022-08-30,6854,6854.TW,上市,106.0,116.5,106.0,116.5,464007
2022-08-31,6854,6854.TW,上市,116.0,117.0,112.0,116.5,190000
2022-09-01,6854,6854.TW,上市,117.5,117.5,108.0,110.0,201200
2022-09-02,6854,6854.TW,上市,111.0,111.0,105.0,108.0,99331
2022-09-05,6854,6854.TW,上市,108.0,108.0,104.0,107.0,82000
2022-09-06,6854,6854.TW,上市,106.5,106.5,100.0,102.5,203006
2022-09-07,6854,6854.TW,上市,105.0,105.0,101.0,103.0,51000
2022-09-08,6854,6854.TW,上市,108.0,108.0,103.0,104.0,40000
2022-09-12,6854,6854.TW,上市,107.5,107.5,101.5,104.0,47000
2022-09-13,6854,6854.TW,上市,103.0,104.0,101.0,103.0,45575
2022-09-14,6854,6854.TW,上市,100.0,104.0,100.0,102.0,63423
2022-09-15,6854,6854.TW,上市,104.0,104.0,101.0,101.0,33020
2022-09-16,6854,6854.TW,上市,101.0,101.5,100.0,101.0,72020
2022-09-19,6854,6854.TW,上市,101.0,101.0,97.5,99.5,51020
2022-09-20,6854,6854.TW,上市,98.099998,100.0,97.800003,99.800003,43020
2022-09-21,6854,6854.TW,上市,99.800003,99.800003,96.5,96.5,56021
2022-09-22,6854,6854.TW,上市,96.5,96.5,89.5,89.699997,140000
2022-09-23,6854,6854.TW,上市,89.0,89.599998,85.0,85.0,108000
2022-09-26,6854,6854.TW,上市,82.599998,86.5,80.0,81.300003,92055
2022-09-27,6854,6854.TW,上市,80.300003,86.900002,80.300003,86.900002,40000
2022-09-28,6854,6854.TW,上市,86.900002,86.900002,85.0,85.5,4030
2022-09-29,6854,6854.TW,上市,86.0,86.5,84.300003,86.0,15000
2022-09-30,6854,6854.TW,上市,86.0,89.099998,85.199997,89.099998,21000
2022-10-03,6854,6854.TW,上市,89.699997,90.800003,89.0,89.0,18000
2022-10-04,6854,6854.TW,上市,90.0,91.800003,90.0,91.5,24000
2022-10-05,6854,6854.TW,上市,93.400002,93.400002,91.5,93.0,12022
2022-10-06,6854,6854.TW,上市,92.0,92.0,91.5,91.5,7000
2022-10-07,6854,6854.TW,上市,91.5,91.5,91.5,91.5,0
2022-10-11,6854,6854.TW,上市,90.699997,90.699997,88.5,90.0,6000
2022-10-12,6854,6854.TW,上市,91.0,91.0,88.0,89.900002,7000
2022-10-13,6854,6854.TW,上市,90.0,90.0,86.199997,86.199997,17000
2022-10-14,6854,6854.TW,上市,90.0,90.0,85.699997,86.099998,17023
2022-10-17,6854,6854.TW,上市,83.5,83.5,77.5,82.0,88000
2022-10-18,6854,6854.TW,上市,81.5,81.800003,79.099998,81.800003,28000
2022-10-19,6854,6854.TW,上市,81.800003,82.0,79.699997,81.699997,28000
2022-10-20,6854,6854.TW,上市,81.300003,81.699997,78.400002,80.199997,16000
2022-10-21,6854,6854.TW,上市,80.0,80.0,78.5,80.0,37000
2022-10-24,6854,6854.TW,上市,80.0,80.0,79.5,80.0,22000
2022-10-25,6854,6854.TW,上市,80.0,80.0,78.400002,79.400002,33000
2022-10-26,6854,6854.TW,上市,78.800003,82.0,78.599998,78.599998,70000
2022-10-27,6854,6854.TW,上市,79.0,82.5,79.0,82.0,53025
2022-10-28,6854,6854.TW,上市,81.0,84.5,81.0,84.5,71024
2022-10-31,6854,6854.TW,上市,85.0,89.800003,85.0,88.199997,111023
2022-11-01,6854,6854.TW,上市,88.199997,94.0,88.199997,93.5,114022
2022-11-02,6854,6854.TW,上市,91.800003,98.5,91.800003,96.800003,98000
2022-11-03,6854,6854.TW,上市,95.699997,96.900002,95.300003,96.5,9022
2022-11-04,6854,6854.TW,上市,96.5,98.5,93.699997,98.5,86000
2022-11-07,6854,6854.TW,上市,98.900002,103.5,98.900002,99.599998,119100
2022-11-08,6854,6854.TW,上市,100.5,102.0,99.5,102.0,81417
2022-11-09,6854,6854.TW,上市,100.5,103.5,91.800003,98.699997,229200
2022-11-10,6854,6854.TW,上市,98.699997,98.699997,98.699997,98.699997,0
2022-11-11,6854,6854.TW,上市,101.5,105.5,101.5,105.5,299140
2022-11-14,6854,6854.TW,上市,106.0,106.5,99.900002,102.5,119083
2022-11-15,6854,6854.TW,上市,99.5,100.0,98.599998,100.0,53133
2022-11-16,6854,6854.TW,上市,97.199997,100.0,97.099998,100.0,49100
2022-11-17,6854,6854.TW,上市,98.0,101.5,98.0,101.5,58570
2022-11-18,6854,6854.TW,上市,101.0,101.0,98.0,98.099998,18000
2022-11-21,6854,6854.TW,上市,98.099998,98.099998,96.699997,96.699997,7100
2022-11-22,6854,6854.TW,上市,94.699997,94.699997,94.699997,94.699997,3000
2022-11-23,6854,6854.TW,上市,95.099998,95.400002,95.099998,95.300003,4021
2022-11-24,6854,6854.TW,上市,95.699997,97.0,95.699997,96.0,6000
2022-11-25,6854,6854.TW,上市,95.0,95.0,95.0,95.0,7029
2022-11-28,6854,6854.TW,上市,94.699997,95.5,94.699997,95.0,10000
2022-11-29,6854,6854.TW,上市,95.0,102.5,95.0,98.099998,54021
2022-11-30,6854,6854.TW,上市,98.800003,102.5,98.800003,100.5,111567
2022-12-01,6854,6854.TW,上市,102.0,106.0,102.0,105.5,172000
2022-12-02,6854,6854.TW,上市,105.5,108.0,104.5,106.0,177967
2022-12-05,6854,6854.TW,上市,106.5,106.5,100.0,100.0,133030
2022-12-06,6854,6854.TW,上市,98.199997,102.0,98.199997,99.0,97104
2022-12-07,6854,6854.TW,上市,100.0,102.0,99.0,99.199997,76000
2022-12-08,6854,6854.TW,上市,99.800003,102.0,99.199997,99.900002,66892
2022-12-09,6854,6854.TW,上市,104.0,105.0,101.5,101.5,162000
2022-12-12,6854,6854.TW,上市,101.5,103.0,99.5,99.900002,54000
2022-12-13,6854,6854.TW,上市,102.5,104.0,101.5,101.5,104054
2022-12-14,6854,6854.TW,上市,101.5,105.0,101.5,103.0,103020
2022-12-15,6854,6854.TW,上市,102.5,109.0,102.5,106.0,209000
2022-12-16,6854,6854.TW,上市,103.5,111.5,103.5,110.0,252000
2022-12-19,6854,6854.TW,上市,112.0,113.5,111.0,113.5,125020
2022-12-20,6854,6854.TW,上市,112.5,112.5,108.0,108.0,96033
2022-12-21,6854,6854.TW,上市,109.0,111.0,108.0,109.5,51167
2022-12-22,6854,6854.TW,上市,109.5,110.5,106.5,106.5,53020
2022-12-23,6854,6854.TW,上市,104.0,105.5,102.0,102.0,79000
2022-12-26,6854,6854.TW,上市,102.0,102.0,100.0,100.0,58000
2022-12-27,6854,6854.TW,上市,100.0,101.5,100.0,100.0,71000
2022-12-28,6854,6854.TW,上市,98.599998,101.0,98.599998,98.800003,50000
2022-12-29,6854,6854.TW,上市,100.0,101.0,100.0,100.0,44000
2022-12-30,6854,6854.TW,上市,100.5,100.5,99.599998,99.599998,45000
2023-01-03,6854,6854.TW,上市,100.0,100.0,95.400002,95.400002,46021
2023-01-04,6854,6854.TW,上市,95.0,97.5,94.0,95.5,92335
2023-01-05,6854,6854.TW,上市,95.199997,96.900002,95.199997,96.900002,31141
2023-01-06,6854,6854.TW,上市,96.5,99.900002,96.5,97.5,77022
2023-01-09,6854,6854.TW,上市,97.900002,99.0,97.099998,98.800003,64421
2023-01-10,6854,6854.TW,上市,99.0,100.0,99.0,99.699997,19493
2023-01-11,6854,6854.TW,上市,99.599998,100.0,99.599998,100.0,24020
2023-01-12,6854,6854.TW,上市,102.0,110.0,102.0,106.0,143298
2023-01-13,6854,6854.TW,上市,106.0,107.0,100.0,101.0,68249
2023-01-16,6854,6854.TW,上市,100.0,102.0,100.0,102.0,10021
2023-01-17,6854,6854.TW,上市,104.0,106.0,102.0,102.0,34020
2023-01-30,6854,6854.TW,上市,103.0,106.0,99.300003,99.300003,72000
2023-01-31,6854,6854.TW,上市,100.5,100.5,99.0,99.0,39000
2023-02-01,6854,6854.TW,上市,99.900002,103.5,99.900002,101.0,48001
2023-02-02,6854,6854.TW,上市,103.0,103.5,100.5,101.0,41019
2023-02-03,6854,6854.TW,上市,102.0,102.0,100.0,100.0,54200
2023-02-06,6854,6854.TW,上市,100.5,100.5,99.800003,100.5,24000
2023-02-07,6854,6854.TW,上市,100.0,101.0,99.900002,101.0,88020
2023-02-08,6854,6854.TW,上市,101.5,102.0,100.0,100.0,84274
2023-02-09,6854,6854.TW,上市,100.5,100.5,99.900002,100.5,32000
2023-02-10,6854,6854.TW,上市,100.5,101.5,99.800003,99.900002,56040
2023-02-13,6854,6854.TW,上市,102.0,109.0,102.0,105.0,118000
2023-02-14,6854,6854.TW,上市,106.0,106.5,104.0,104.5,40000
2023-02-15,6854,6854.TW,上市,104.5,105.0,104.5,104.5,73000
2023-02-16,6854,6854.TW,上市,104.0,104.0,103.0,103.5,35000
2023-02-17,6854,6854.TW,上市,103.5,106.0,103.0,105.5,56050
2023-02-20,6854,6854.TW,上市,105.5,115.5,105.5,114.0,381000
2023-02-21,6854,6854.TW,上市,111.0,112.5,109.0,112.5,195000
2023-02-22,6854,6854.TW,上市,110.5,110.5,105.5,108.0,174000
2023-02-23,6854,6854.TW,上市,107.5,108.0,104.5,104.5,115000
2023-02-24,6854,6854.TW,上市,104.5,105.5,103.0,105.0,96020
2023-03-01,6854,6854.TW,上市,105.0,106.0,104.5,105.5,47025
2023-03-02,6854,6854.TW,上市,105.0,105.5,105.0,105.5,18084
2023-03-03,6854,6854.TW,上市,105.5,106.0,105.0,105.5,44000
2023-03-06,6854,6854.TW,上市,105.5,105.5,103.0,103.5,89100
2023-03-07,6854,6854.TW,上市,103.0,103.5,101.5,101.5,99000
2023-03-08,6854,6854.TW,上市,101.5,104.5,101.5,104.0,48239
2023-03-09,6854,6854.TW,上市,104.0,105.0,103.0,103.0,45000
2023-03-10,6854,6854.TW,上市,103.0,103.0,99.599998,99.800003,210025
2023-03-13,6854,6854.TW,上市,98.199997,100.0,96.0,98.5,132000
2023-03-14,6854,6854.TW,上市,98.0,99.900002,98.0,99.0,19000
2023-03-15,6854,6854.TW,上市,100.0,100.0,98.5,99.0,43000
2023-03-16,6854,6854.TW,上市,97.5,97.5,94.199997,95.0,130187
2023-03-17,6854,6854.TW,上市,95.0,96.400002,95.0,96.400002,28186
2023-03-20,6854,6854.TW,上市,96.300003,97.300003,96.300003,97.0,25100
2023-03-21,6854,6854.TW,上市,98.0,100.5,97.800003,98.400002,35000
2023-03-22,6854,6854.TW,上市,98.599998,99.0,97.0,99.0,20000
2023-03-23,6854,6854.TW,上市,98.5,99.0,97.699997,99.0,23000
2023-03-24,6854,6854.TW,上市,99.900002,103.5,99.800003,101.0,181391
2023-03-27,6854,6854.TW,上市,101.0,101.0,98.0,99.0,40000
2023-03-28,6854,6854.TW,上市,99.099998,100.0,99.0,99.0,18000
2023-03-29,6854,6854.TW,上市,99.0,99.5,98.699997,99.400002,20000
2023-03-30,6854,6854.TW,上市,99.199997,100.0,99.099998,99.400002,17050
2023-03-31,6854,6854.TW,上市,100.0,100.0,99.5,100.0,21000
2023-04-06,6854,6854.TW,上市,100.0,100.0,99.5,100.0,24000
2023-04-07,6854,6854.TW,上市,100.5,104.0,100.5,104.0,123000
2023-04-10,6854,6854.TW,上市,104.0,106.5,104.0,105.0,83000
2023-04-11,6854,6854.TW,上市,105.0,105.0,103.5,103.5,38000
2023-04-12,6854,6854.TW,上市,103.5,104.0,103.0,103.0,26000
2023-04-13,6854,6854.TW,上市,103.0,103.0,99.900002,99.900002,91000
2023-04-14,6854,6854.TW,上市,102.0,103.0,101.0,103.0,37000
2023-04-17,6854,6854.TW,上市,105.0,105.0,102.0,103.0,52092
2023-04-18,6854,6854.TW,上市,101.5,103.5,101.5,102.5,43000
2023-04-19,6854,6854.TW,上市,104.5,105.0,102.0,103.0,89000
2023-04-20,6854,6854.TW,上市,105.0,106.0,101.5,102.0,104000
2023-04-21,6854,6854.TW,上市,102.0,102.5,98.599998,98.599998,101969
2023-04-24,6854,6854.TW,上市,99.5,100.0,98.0,98.099998,87000
2023-04-25,6854,6854.TW,上市,99.0,99.0,95.0,95.0,124140
2023-04-26,6854,6854.TW,上市,95.099998,99.0,94.599998,98.400002,91300
2023-04-27,6854,6854.TW,上市,96.199997,97.099998,96.199997,96.400002,54000
2023-04-28,6854,6854.TW,上市,96.800003,98.599998,96.800003,98.599998,39129
2023-05-02,6854,6854.TW,上市,98.900002,100.5,98.900002,100.0,95020
2023-05-03,6854,6854.TW,上市,100.0,100.0,99.400002,99.900002,19000
2023-05-04,6854,6854.TW,上市,99.199997,99.800003,98.900002,99.800003,26000
2023-05-05,6854,6854.TW,上市,99.900002,101.5,99.800003,101.5,96020
2023-05-08,6854,6854.TW,上市,101.0,103.0,100.5,102.5,107486
2023-05-09,6854,6854.TW,上市,104.5,104.5,101.0,102.5,29300
2023-05-10,6854,6854.TW,上市,101.0,101.5,100.5,101.0,33000
2023-05-11,6854,6854.TW,上市,101.5,101.5,99.599998,100.0,18100
2023-05-12,6854,6854.TW,上市,99.800003,100.0,99.800003,100.0,9593
2023-05-15,6854,6854.TW,上市,100.0,100.0,99.599998,99.900002,13000
2023-05-16,6854,6854.TW,上市,101.0,101.0,99.5,101.0,43000
2023-05-17,6854,6854.TW,上市,100.0,100.5,99.699997,100.0,25000
2023-05-18,6854,6854.TW,上市,100.5,100.5,99.900002,100.0,34000
2023-05-19,6854,6854.TW,上市,101.0,101.0,100.0,100.0,47000
2023-05-22,6854,6854.TW,上市,100.0,104.0,100.0,103.5,124030
2023-05-23,6854,6854.TW,上市,103.0,103.0,102.0,103.0,29200
2023-05-24,6854,6854.TW,上市,102.0,102.5,101.0,101.0,41000
2023-05-25,6854,6854.TW,上市,100.5,102.0,100.0,100.5,17000
2023-05-26,6854,6854.TW,上市,100.5,100.5,100.0,100.5,32000
2023-05-29,6854,6854.TW,上市,101.0,101.0,100.0,100.0,27000
2023-05-30,6854,6854.TW,上市,100.0,100.5,98.0,99.800003,110000
2023-05-31,6854,6854.TW,上市,99.5,99.5,98.0,98.699997,62000
2023-06-01,6854,6854.TW,上市,98.800003,99.0,98.400002,98.400002,13000
2023-06-02,6854,6854.TW,上市,98.400002,100.0,98.400002,99.0,42000
2023-06-05,6854,6854.TW,上市,99.099998,100.5,99.0,100.0,80000
2023-06-06,6854,6854.TW,上市,101.0,102.0,100.0,100.0,40001
2023-06-07,6854,6854.TW,上市,100.5,103.0,100.5,102.5,125000
2023-06-08,6854,6854.TW,上市,101.0,101.5,100.5,100.5,94000
2023-06-09,6854,6854.TW,上市,110.5,110.5,107.0,108.5,539384
2023-06-12,6854,6854.TW,上市,106.0,107.0,103.0,105.0,216188
2023-06-13,6854,6854.TW,上市,105.0,106.5,104.5,105.0,72980
2023-06-14,6854,6854.TW,上市,105.0,108.0,105.0,108.0,149019
2023-06-15,6854,6854.TW,上市,106.5,108.0,106.0,108.0,66100
2023-06-16,6854,6854.TW,上市,108.5,108.5,106.0,107.5,130000
2023-06-19,6854,6854.TW,上市,107.5,118.0,107.0,118.0,691885
2023-06-20,6854,6854.TW,上市,118.0,125.0,116.0,125.0,629803
2023-06-21,6854,6854.TW,上市,124.5,127.5,122.0,125.5,310892
2023-06-26,6854,6854.TW,上市,125.0,126.5,120.5,121.0,317000
2023-06-27,6854,6854.TW,上市,123.0,125.5,118.0,121.0,305020
2023-06-28,6854,6854.TW,上市,122.0,123.0,115.0,117.0,294000
2023-06-29,6854,6854.TW,上市,117.5,120.0,117.0,118.0,68000
2023-06-30,6854,6854.TW,上市,117.0,118.5,116.5,118.5,110000
2023-07-03,6854,6854.TW,上市,118.5,120.0,115.0,118.5,237456
2023-07-04,6854,6854.TW,上市,117.0,117.5,114.0,116.0,276000
2023-07-05,6854,6854.TW,上市,116.5,116.5,109.0,109.0,452400
2023-07-06,6854,6854.TW,上市,109.0,109.5,105.5,109.5,259020
2023-07-07,6854,6854.TW,上市,110.5,110.5,104.5,105.5,244036
2023-07-10,6854,6854.TW,上市,105.5,106.0,103.5,105.5,453014
2023-07-11,6854,6854.TW,上市,107.0,107.0,103.5,105.0,318010
2023-07-12,6854,6854.TW,上市,105.5,106.5,104.5,105.0,70000
2023-07-13,6854,6854.TW,上市,105.0,106.0,102.5,103.0,555223
2023-07-14,6854,6854.TW,上市,104.5,108.0,103.0,104.0,259000
2023-07-17,6854,6854.TW,上市,105.0,109.0,104.0,107.0,167906
2023-07-18,6854,6854.TW,上市,107.0,109.0,106.0,108.0,166000
2023-07-19,6854,6854.TW,上市,109.0,109.0,104.0,104.0,364400
2023-07-20,6854,6854.TW,上市,105.0,106.0,103.5,106.0,84020
2023-07-21,6854,6854.TW,上市,104.5,106.5,103.5,104.5,129000
2023-07-24,6854,6854.TW,上市,104.0,106.5,103.5,105.5,74000
2023-07-25,6854,6854.TW,上市,104.5,105.0,103.5,104.0,60000
2023-07-26,6854,6854.TW,上市,106.5,107.0,105.5,106.0,115182
2023-07-27,6854,6854.TW,上市,106.0,107.0,105.5,107.0,70000
2023-07-28,6854,6854.TW,上市,106.5,110.5,106.5,110.0,168444
2023-07-31,6854,6854.TW,上市,112.0,112.5,109.5,110.0,130161
2023-08-01,6854,6854.TW,上市,110.0,114.5,110.0,112.0,157020
2023-08-02,6854,6854.TW,上市,111.0,112.5,108.0,108.5,146020
2023-08-04,6854,6854.TW,上市,107.5,109.0,107.0,109.0,47000
2023-08-07,6854,6854.TW,上市,109.0,110.5,108.0,108.0,52000
2023-08-08,6854,6854.TW,上市,107.0,107.0,105.0,105.5,79020
2023-08-09,6854,6854.TW,上市,108.5,108.5,105.5,107.0,38000
2023-08-10,6854,6854.TW,上市,106.5,106.5,104.5,105.5,44000
2023-08-11,6854,6854.TW,上市,105.5,106.0,104.5,105.0,74000
2023-08-14,6854,6854.TW,上市,105.0,105.0,100.0,103.0,205020
2023-08-15,6854,6854.TW,上市,105.0,105.0,103.5,103.5,21000
2023-08-16,6854,6854.TW,上市,104.0,104.5,101.5,104.0,48000
2023-08-17,6854,6854.TW,上市,104.0,104.5,103.5,103.5,25000
2023-08-18,6854,6854.TW,上市,103.5,103.5,102.0,102.0,56500
2023-08-21,6854,6854.TW,上市,100.5,102.0,100.5,101.0,66029
2023-08-22,6854,6854.TW,上市,102.0,102.5,101.5,101.5,17000
2023-08-23,6854,6854.TW,上市,102.5,102.5,102.0,102.5,9000
2023-08-24,6854,6854.TW,上市,103.0,104.0,103.0,103.0,12000
2023-08-25,6854,6854.TW,上市,102.0,102.5,101.0,102.0,47000
2023-08-28,6854,6854.TW,上市,102.0,102.0,100.5,102.0,32300
2023-08-29,6854,6854.TW,上市,102.0,102.5,102.0,102.0,19000
2023-08-30,6854,6854.TW,上市,104.0,106.5,103.0,105.5,80009
2023-08-31,6854,6854.TW,上市,105.5,107.5,105.5,106.0,57000
2023-09-01,6854,6854.TW,上市,107.0,107.5,106.5,107.5,23000
2023-09-04,6854,6854.TW,上市,109.0,109.0,106.0,106.0,16000
2023-09-05,6854,6854.TW,上市,107.0,108.5,106.5,108.0,28000
2023-09-06,6854,6854.TW,上市,108.0,108.5,108.0,108.0,51200
2023-09-07,6854,6854.TW,上市,108.0,108.0,105.0,106.0,89020
2023-09-08,6854,6854.TW,上市,106.0,106.0,104.5,105.0,20000
2023-09-11,6854,6854.TW,上市,106.0,110.0,106.0,107.0,163000
2023-09-12,6854,6854.TW,上市,107.5,107.5,106.5,107.0,89000
2023-09-13,6854,6854.TW,上市,107.5,108.5,107.0,107.0,92000
2023-09-14,6854,6854.TW,上市,106.5,108.0,106.5,107.0,69000
2023-09-15,6854,6854.TW,上市,107.5,109.5,107.5,109.0,85000
2023-09-18,6854,6854.TW,上市,109.0,109.5,107.0,107.5,97000
2023-09-19,6854,6854.TW,上市,107.5,108.0,106.5,108.0,19054
2023-09-20,6854,6854.TW,上市,107.5,108.0,107.0,107.5,32000
2023-09-21,6854,6854.TW,上市,106.5,106.5,104.0,105.0,102030
2023-09-22,6854,6854.TW,上市,104.0,104.5,103.5,104.0,62020
2023-09-25,6854,6854.TW,上市,103.5,104.0,103.0,103.5,59025
2023-09-26,6854,6854.TW,上市,103.0,103.5,102.0,102.0,62025
2023-09-27,6854,6854.TW,上市,101.5,103.0,101.0,102.0,64000
2023-09-28,6854,6854.TW,上市,102.0,102.5,101.5,102.0,50018
2023-10-02,6854,6854.TW,上市,105.0,105.0,102.0,102.5,59000
2023-10-03,6854,6854.TW,上市,102.0,102.5,99.900002,100.0,240025
2023-10-04,6854,6854.TW,上市,100.0,101.0,99.599998,100.0,154025
2023-10-05,6854,6854.TW,上市,101.0,101.0,100.0,100.0,97020
2023-10-06,6854,6854.TW,上市,100.5,100.5,99.800003,99.900002,72000
2023-10-11,6854,6854.TW,上市,100.0,101.0,98.199997,101.0,135000
2023-10-12,6854,6854.TW,上市,100.0,100.0,98.0,98.5,131027
2023-10-13,6854,6854.TW,上市,98.5,98.699997,97.800003,98.0,56100
2023-10-16,6854,6854.TW,上市,98.0,98.0,96.5,96.5,53071
2023-10-17,6854,6854.TW,上市,97.0,97.099998,96.0,96.0,48464
2023-10-18,6854,6854.TW,上市,97.0,97.5,93.900002,95.199997,112070
2023-10-19,6854,6854.TW,上市,96.0,96.0,94.0,94.0,46000
2023-10-20,6854,6854.TW,上市,94.0,94.0,91.5,92.5,148233
2023-10-23,6854,6854.TW,上市,92.300003,92.5,88.599998,89.0,171040
2023-10-24,6854,6854.TW,上市,88.800003,88.800003,86.0,86.0,205360
2023-10-25,6854,6854.TW,上市,86.0,90.400002,83.800003,88.0,187000
2023-10-26,6854,6854.TW,上市,86.900002,86.900002,85.599998,85.599998,65000
2023-10-27,6854,6854.TW,上市,88.300003,90.0,86.0,86.099998,55000
2023-10-30,6854,6854.TW,上市,88.0,88.099998,86.0,86.5,47000
2023-10-31,6854,6854.TW,上市,86.5,86.5,86.5,86.5,0
2023-11-01,6854,6854.TW,上市,93.199997,95.099998,90.800003,91.199997,267000
2023-11-02,6854,6854.TW,上市,93.0,93.0,88.199997,91.199997,35000
2023-11-03,6854,6854.TW,上市,92.400002,92.400002,92.0,92.0,11000
2023-11-06,6854,6854.TW,上市,92.0,93.400002,92.0,93.0,23000
2023-11-07,6854,6854.TW,上市,94.5,94.800003,93.400002,93.699997,23000
2023-11-08,6854,6854.TW,上市,93.699997,93.900002,93.199997,93.300003,16000
2023-11-09,6854,6854.TW,上市,93.199997,93.199997,91.300003,92.0,28000
2023-11-10,6854,6854.TW,上市,91.900002,91.900002,90.0,90.900002,8000
2023-11-13,6854,6854.TW,上市,90.300003,90.800003,89.800003,90.0,62030
2023-11-14,6854,6854.TW,上市,90.0,91.800003,90.0,91.800003,34000
2023-11-15,6854,6854.TW,上市,92.5,93.400002,91.400002,91.400002,109000
2023-11-16,6854,6854.TW,上市,91.5,94.699997,91.5,92.800003,24250
2023-11-17,6854,6854.TW,上市,92.099998,93.699997,92.099998,93.599998,17000
2023-11-20,6854,6854.TW,上市,96.5,100.0,95.300003,99.599998,63037
2023-11-21,6854,6854.TW,上市,99.5,101.0,99.0,99.800003,39000
2023-11-22,6854,6854.TW,上市,101.0,101.0,95.099998,97.199997,13010
2023-11-23,6854,6854.TW,上市,98.099998,99.199997,97.699997,99.0,12000
2023-11-24,6854,6854.TW,上市,98.0,98.800003,98.0,98.300003,11005
2023-11-27,6854,6854.TW,上市,98.0,98.0,97.199997,98.0,16000
2023-11-28,6854,6854.TW,上市,98.0,99.300003,97.5,99.0,14004
2023-11-29,6854,6854.TW,上市,99.0,99.800003,98.0,99.800003,19025
2023-11-30,6854,6854.TW,上市,100.5,100.5,99.5,100.5,15045
2023-12-01,6854,6854.TW,上市,101.0,101.0,100.0,101.0,32000
2023-12-04,6854,6854.TW,上市,101.0,101.0,100.0,101.0,16050
2023-12-05,6854,6854.TW,上市,99.5,100.5,99.5,100.0,24006
2023-12-06,6854,6854.TW,上市,100.0,100.5,99.5,99.599998,14686
2023-12-07,6854,6854.TW,上市,99.5,100.0,99.5,100.0,10020
2023-12-08,6854,6854.TW,上市,100.0,101.5,99.699997,101.5,33330
2023-12-11,6854,6854.TW,上市,100.5,100.5,99.300003,99.5,17000
2023-12-12,6854,6854.TW,上市,99.5,99.5,98.900002,99.300003,23000
2023-12-13,6854,6854.TW,上市,99.0,99.0,98.0,98.099998,59022
2023-12-14,6854,6854.TW,上市,99.800003,100.0,99.300003,99.900002,58000
2023-12-15,6854,6854.TW,上市,99.800003,100.0,98.5,99.900002,43000
2023-12-18,6854,6854.TW,上市,99.699997,99.800003,99.199997,99.599998,19000
2023-12-19,6854,6854.TW,上市,99.099998,99.5,98.099998,98.599998,56021
2023-12-20,6854,6854.TW,上市,98.699997,99.900002,98.699997,98.800003,14151
2023-12-21,6854,6854.TW,上市,99.0,99.199997,98.300003,98.300003,54000
2023-12-22,6854,6854.TW,上市,99.699997,99.900002,99.099998,99.099998,22040
2023-12-25,6854,6854.TW,上市,99.300003,99.5,98.599998,98.599998,35000
2023-12-26,6854,6854.TW,上市,98.699997,99.0,97.300003,99.0,73000
2023-12-27,6854,6854.TW,上市,98.199997,99.400002,98.099998,99.400002,69000
2023-12-28,6854,6854.TW,上市,99.5,100.0,99.400002,99.900002,29000
2023-12-29,6854,6854.TW,上市,99.800003,99.800003,98.5,98.800003,20000
2024-01-02,6854,6854.TW,上市,98.800003,103.0,98.800003,99.099998,95005
2024-01-03,6854,6854.TW,上市,98.900002,98.900002,97.699997,98.0,35141
2024-01-04,6854,6854.TW,上市,98.0,98.400002,97.0,97.5,54250
2024-01-05,6854,6854.TW,上市,98.900002,99.0,98.0,98.300003,14050
2024-01-08,6854,6854.TW,上市,98.300003,99.599998,98.300003,98.300003,48050
2024-01-09,6854,6854.TW,上市,98.300003,98.5,97.099998,98.199997,41000
2024-01-10,6854,6854.TW,上市,98.199997,98.199997,97.300003,98.0,19050
2024-01-11,6854,6854.TW,上市,98.300003,98.5,97.5,98.199997,104680
2024-01-12,6854,6854.TW,上市,98.199997,98.199997,97.199997,97.199997,37385
2024-01-15,6854,6854.TW,上市,97.199997,97.199997,97.199997,97.199997,0
2024-01-16,6854,6854.TW,上市,96.199997,96.199997,93.300003,94.400002,101055
2024-01-17,6854,6854.TW,上市,94.0,94.300003,93.5,93.5,55082
2024-01-18,6854,6854.TW,上市,93.5,94.0,92.199997,92.199997,72000
2024-01-19,6854,6854.TW,上市,91.5,93.0,91.5,91.800003,91032
2024-01-22,6854,6854.TW,上市,92.0,92.0,91.5,91.699997,43100
2024-01-23,6854,6854.TW,上市,92.099998,92.400002,91.900002,92.300003,31200
2024-01-24,6854,6854.TW,上市,92.800003,93.800003,91.0,93.699997,116100
2024-01-25,6854,6854.TW,上市,94.0,94.0,91.5,91.599998,85686
2024-01-26,6854,6854.TW,上市,91.099998,92.099998,90.0,91.400002,63005
2024-01-29,6854,6854.TW,上市,91.400002,94.0,91.400002,92.0,32050
2024-01-30,6854,6854.TW,上市,92.0,92.0,91.0,91.300003,32385
2024-01-31,6854,6854.TW,上市,90.599998,91.400002,90.599998,90.699997,28150
2024-02-01,6854,6854.TW,上市,92.0,92.0,90.5,91.5,30411
2024-02-02,6854,6854.TW,上市,92.199997,92.199997,91.400002,92.099998,15000
2024-02-05,6854,6854.TW,上市,90.5,92.0,90.0,91.0,54033
2024-02-15,6854,6854.TW,上市,90.800003,91.5,90.5,91.199997,48143
2024-02-16,6854,6854.TW,上市,90.800003,91.300003,90.0,90.400002,91252
2024-02-19,6854,6854.TW,上市,90.5,96.199997,90.5,95.599998,69000
2024-02-20,6854,6854.TW,上市,95.800003,95.800003,92.5,92.599998,27000
2024-02-21,6854,6854.TW,上市,90.800003,93.699997,90.800003,92.599998,47000
2024-02-22,6854,6854.TW,上市,92.5,93.699997,92.099998,92.800003,29606
2024-02-23,6854,6854.TW,上市,92.599998,93.300003,92.400002,92.5,21131
2024-02-26,6854,6854.TW,上市,91.400002,91.900002,91.400002,91.400002,20000
2024-02-27,6854,6854.TW,上市,91.5,93.900002,91.5,91.800003,57000
2024-02-29,6854,6854.TW,上市,91.800003,92.0,91.300003,91.5,59000
2024-03-01,6854,6854.TW,上市,91.5,92.0,91.5,91.5,58050
2024-03-04,6854,6854.TW,上市,90.0,90.0,87.099998,89.800003,250409
2024-03-05,6854,6854.TW,上市,88.800003,90.699997,88.0,89.599998,108361
2024-03-06,6854,6854.TW,上市,89.0,89.199997,88.400002,88.400002,33039
2024-03-07,6854,6854.TW,上市,88.099998,88.099998,86.300003,86.800003,145430
2024-03-08,6854,6854.TW,上市,86.5,90.099998,86.5,90.0,194000
2024-03-11,6854,6854.TW,上市,89.900002,92.5,89.800003,91.300003,192000
2024-03-12,6854,6854.TW,上市,91.0,93.0,91.0,93.0,81000
2024-03-13,6854,6854.TW,上市,92.300003,93.400002,92.199997,93.0,152000
2024-03-14,6854,6854.TW,上市,92.800003,93.0,92.199997,92.199997,16000
2024-03-15,6854,6854.TW,上市,91.5,91.5,91.0,91.0,12089
2024-03-18,6854,6854.TW,上市,91.0,91.0,89.099998,89.599998,89503
2024-03-19,6854,6854.TW,上市,89.599998,89.599998,88.300003,88.300003,92259
2024-03-20,6854,6854.TW,上市,87.0,87.300003,85.699997,86.5,162120
2024-03-21,6854,6854.TW,上市,86.699997,87.199997,86.099998,86.099998,16000
2024-03-22,6854,6854.TW,上市,86.099998,87.0,85.699997,85.699997,46040
2024-03-25,6854,6854.TW,上市,85.699997,85.699997,80.199997,82.0,335207
2024-03-26,6854,6854.TW,上市,82.0,82.199997,79.800003,80.199997,121045
2024-03-27,6854,6854.TW,上市,80.199997,80.5,79.199997,79.5,84000
2024-03-28,6854,6854.TW,上市,79.5,79.5,76.199997,77.5,229046
2024-03-29,6854,6854.TW,上市,77.400002,79.099998,75.0,78.300003,221000
2024-04-01,6854,6854.TW,上市,79.099998,83.300003,79.099998,81.099998,87000
2024-04-02,6854,6854.TW,上市,81.099998,82.699997,80.5,80.5,83026
2024-04-03,6854,6854.TW,上市,79.300003,79.5,78.599998,78.599998,47175
2024-04-08,6854,6854.TW,上市,75.0,77.099998,74.0,76.0,96050
2024-04-09,6854,6854.TW,上市,77.5,78.0,77.0,77.199997,45000
2024-04-10,6854,6854.TW,上市,78.0,79.0,77.0,78.0,47000
2024-04-11,6854,6854.TW,上市,78.099998,80.0,78.0,79.900002,39072
2024-04-12,6854,6854.TW,上市,80.800003,80.800003,78.5,80.199997,22050
2024-04-15,6854,6854.TW,上市,80.0,80.0,78.199997,78.400002,26072
2024-04-16,6854,6854.TW,上市,82.099998,82.099998,76.800003,77.199997,53000
2024-04-17,6854,6854.TW,上市,78.699997,79.099998,77.0,77.900002,15000
2024-04-18,6854,6854.TW,上市,77.5,78.0,77.5,77.5,17000
2024-04-19,6854,6854.TW,上市,77.0,78.0,76.0,77.099998,57000
2024-04-22,6854,6854.TW,上市,77.0,78.099998,76.400002,76.699997,27000
2024-04-23,6854,6854.TW,上市,76.699997,77.800003,76.0,76.300003,19000
2024-04-24,6854,6854.TW,上市,76.599998,80.699997,76.599998,79.300003,73000
2024-04-25,6854,6854.TW,上市,81.300003,81.300003,79.400002,80.199997,38012
2024-04-26,6854,6854.TW,上市,81.0,81.900002,80.300003,80.599998,44017
2024-04-29,6854,6854.TW,上市,79.300003,85.800003,79.300003,84.0,72000
2024-04-30,6854,6854.TW,上市,84.0,84.699997,82.900002,84.0,18485
2024-05-02,6854,6854.TW,上市,84.0,84.0,82.5,83.300003,20193
2024-05-03,6854,6854.TW,上市,83.0,83.0,81.599998,82.900002,23000
2024-05-06,6854,6854.TW,上市,82.099998,82.699997,81.099998,81.099998,26000
2024-05-07,6854,6854.TW,上市,80.099998,80.599998,79.5,79.800003,31080
2024-05-08,6854,6854.TW,上市,79.800003,80.5,79.800003,80.400002,29000
2024-05-09,6854,6854.TW,上市,80.300003,80.300003,79.0,79.0,23200
2024-05-10,6854,6854.TW,上市,79.0,79.900002,79.0,79.900002,14000
2024-05-13,6854,6854.TW,上市,79.300003,80.0,78.599998,78.800003,20000
2024-05-14,6854,6854.TW,上市,78.900002,80.0,78.900002,79.0,21000
2024-05-15,6854,6854.TW,上市,79.0,79.5,77.900002,78.199997,46040
2024-05-16,6854,6854.TW,上市,79.900002,79.900002,78.300003,78.599998,65470
2024-05-17,6854,6854.TW,上市,78.599998,79.199997,78.5,78.5,43010
2024-05-20,6854,6854.TW,上市,80.0,80.900002,79.5,80.300003,130407
2024-05-21,6854,6854.TW,上市,79.699997,80.300003,79.300003,80.300003,136000
2024-05-22,6854,6854.TW,上市,81.400002,81.400002,79.800003,80.0,58300
2024-05-23,6854,6854.TW,上市,80.0,80.0,79.300003,79.300003,32500
2024-05-24,6854,6854.TW,上市,80.0,80.0,79.300003,79.300003,20000
2024-05-27,6854,6854.TW,上市,79.0,79.300003,79.0,79.099998,27000
2024-05-28,6854,6854.TW,上市,79.099998,80.199997,79.099998,79.199997,57150
2024-05-29,6854,6854.TW,上市,79.0,79.199997,78.599998,78.699997,39135
2024-05-30,6854,6854.TW,上市,79.900002,79.900002,78.0,78.699997,49000
2024-05-31,6854,6854.TW,上市,78.800003,79.699997,78.0,79.300003,30000
2024-06-03,6854,6854.TW,上市,78.599998,79.800003,78.5,79.199997,62417
2024-06-04,6854,6854.TW,上市,78.900002,78.900002,78.5,78.599998,34000
2024-06-05,6854,6854.TW,上市,78.599998,78.599998,77.800003,77.800003,27000
2024-06-06,6854,6854.TW,上市,77.599998,77.599998,76.300003,77.300003,44000
2024-06-07,6854,6854.TW,上市,77.5,78.0,77.199997,77.199997,12000
2024-06-11,6854,6854.TW,上市,77.5,77.5,76.5,76.5,41000
2024-06-12,6854,6854.TW,上市,76.0,78.0,75.900002,76.0,47028
2024-06-13,6854,6854.TW,上市,76.0,76.199997,75.800003,75.800003,19000
2024-06-14,6854,6854.TW,上市,75.900002,77.099998,73.699997,73.699997,154080
2024-06-17,6854,6854.TW,上市,73.800003,75.0,73.0,73.0,71000
2024-06-18,6854,6854.TW,上市,73.400002,76.0,73.199997,73.199997,69080
2024-06-19,6854,6854.TW,上市,73.300003,75.0,73.300003,74.5,36132
2024-06-20,6854,6854.TW,上市,75.400002,75.599998,74.599998,75.5,41047
2024-06-21,6854,6854.TW,上市,75.099998,75.400002,74.199997,74.199997,41015
2024-06-24,6854,6854.TW,上市,74.199997,74.199997,73.800003,74.099998,11052
2024-06-25,6854,6854.TW,上市,74.800003,74.800003,74.0,74.0,20050
2024-06-26,6854,6854.TW,上市,74.0,74.0,72.800003,73.199997,59050
2024-06-27,6854,6854.TW,上市,73.0,73.199997,72.5,73.199997,73129
2024-06-28,6854,6854.TW,上市,74.0,74.199997,73.599998,73.699997,25000
2024-07-01,6854,6854.TW,上市,73.699997,74.300003,73.699997,73.800003,9000
2024-07-02,6854,6854.TW,上市,73.699997,73.699997,73.099998,73.199997,17035
2024-07-03,6854,6854.TW,上市,73.199997,74.199997,73.199997,73.199997,76065
2024-07-04,6854,6854.TW,上市,73.199997,73.699997,73.199997,73.699997,25050
2024-07-05,6854,6854.TW,上市,73.699997,74.0,73.5,73.900002,58271
2024-07-08,6854,6854.TW,上市,74.0,75.800003,73.900002,73.900002,62170
2024-07-09,6854,6854.TW,上市,75.5,75.800003,74.5,75.199997,275811
2024-07-10,6854,6854.TW,上市,75.199997,75.599998,73.800003,74.400002,158000
2024-07-11,6854,6854.TW,上市,74.400002,74.400002,74.0,74.0,62050
2024-07-12,6854,6854.TW,上市,74.5,74.900002,74.0,74.300003,56056
2024-07-15,6854,6854.TW,上市,74.300003,74.800003,74.300003,74.599998,24200
2024-07-16,6854,6854.TW,上市,74.699997,75.900002,74.5,75.099998,148064
2024-07-17,6854,6854.TW,上市,75.099998,75.099998,74.599998,74.900002,19400
2024-07-18,6854,6854.TW,上市,75.0,75.0,73.699997,73.800003,37000
2024-07-19,6854,6854.TW,上市,73.599998,73.599998,73.0,73.0,41310
2024-07-22,6854,6854.TW,上市,73.099998,73.099998,70.300003,70.300003,127914
2024-07-23,6854,6854.TW,上市,70.400002,73.800003,70.400002,71.5,32020
2024-07-26,6854,6854.TW,上市,71.5,71.800003,71.5,71.800003,14000
2024-07-29,6854,6854.TW,上市,71.800003,72.199997,71.0,72.099998,23348
2024-07-30,6854,6854.TW,上市,70.599998,71.5,70.599998,71.0,17073
2024-07-31,6854,6854.TW,上市,71.0,71.0,69.300003,69.599998,179341
2024-08-01,6854,6854.TW,上市,69.800003,72.199997,68.800003,68.800003,130041
2024-08-02,6854,6854.TW,上市,68.800003,68.800003,66.0,67.099998,129030
2024-08-05,6854,6854.TW,上市,66.199997,66.199997,62.0,62.5,145606
2024-08-06,6854,6854.TW,上市,61.5,62.799999,60.0,62.799999,56100
2024-08-07,6854,6854.TW,上市,62.900002,64.800003,62.900002,64.800003,55312
2024-08-08,6854,6854.TW,上市,62.0,66.0,62.0,64.5,19800
2024-08-09,6854,6854.TW,上市,62.900002,70.699997,62.900002,70.699997,67000
2024-08-12,6854,6854.TW,上市,71.5,73.5,70.0,72.0,55000
2024-08-13,6854,6854.TW,上市,72.0,72.0,70.099998,70.199997,37000
2024-08-14,6854,6854.TW,上市,70.400002,70.599998,70.0,70.599998,38000
2024-08-15,6854,6854.TW,上市,70.599998,70.599998,68.5,68.699997,40017
2024-08-16,6854,6854.TW,上市,69.099998,70.0,69.099998,69.800003,14000
2024-08-19,6854,6854.TW,上市,69.800003,69.800003,68.5,68.5,28000
2024-08-20,6854,6854.TW,上市,68.599998,70.800003,68.599998,70.599998,96368
2024-08-21,6854,6854.TW,上市,70.699997,73.0,69.800003,72.0,169616
2024-08-22,6854,6854.TW,上市,72.099998,72.099998,71.5,72.0,43000
2024-08-23,6854,6854.TW,上市,72.0,75.0,71.5,74.900002,102100
2024-08-26,6854,6854.TW,上市,75.099998,76.0,74.199997,75.0,94000
2024-08-27,6854,6854.TW,上市,75.0,75.199997,74.599998,74.800003,102000
2024-08-28,6854,6854.TW,上市,75.5,77.400002,75.0,77.199997,259882
2024-08-29,6854,6854.TW,上市,77.099998,78.199997,75.599998,76.599998,87000
2024-08-30,6854,6854.TW,上市,77.0,77.099998,75.0,75.900002,90000
2024-09-02,6854,6854.TW,上市,76.5,76.5,74.5,74.5,31000
2024-09-03,6854,6854.TW,上市,75.400002,75.400002,74.800003,75.0,30000
2024-09-04,6854,6854.TW,上市,74.0,74.400002,70.800003,70.800003,67050
2024-09-05,6854,6854.TW,上市,71.300003,72.900002,71.300003,71.400002,22000
2024-09-06,6854,6854.TW,上市,71.400002,73.0,71.400002,73.0,14000
2024-09-09,6854,6854.TW,上市,72.5,76.0,72.5,75.300003,158000
2024-09-10,6854,6854.TW,上市,75.900002,76.0,74.599998,75.5,46000
2024-09-11,6854,6854.TW,上市,75.900002,76.199997,74.0,75.0,96000
2024-09-12,6854,6854.TW,上市,75.599998,76.5,75.300003,76.5,76150
2024-09-13,6854,6854.TW,上市,77.5,78.900002,77.300003,78.400002,172000
2024-09-16,6854,6854.TW,上市,78.599998,86.199997,78.599998,86.199997,907054
2024-09-18,6854,6854.TW,上市,87.300003,87.699997,85.699997,86.599998,611000
2024-09-19,6854,6854.TW,上市,87.0,87.0,83.599998,85.300003,235020
2024-09-20,6854,6854.TW,上市,85.699997,85.699997,81.5,85.199997,188000
2024-09-23,6854,6854.TW,上市,85.199997,88.5,85.199997,87.0,298300
2024-09-24,6854,6854.TW,上市,87.300003,88.800003,86.099998,87.400002,156000
2024-09-25,6854,6854.TW,上市,89.0,93.099998,89.0,92.199997,234021
2024-09-26,6854,6854.TW,上市,92.400002,92.400002,90.599998,91.800003,104110
2024-09-27,6854,6854.TW,上市,92.400002,96.800003,92.0,95.0,133473
2024-09-30,6854,6854.TW,上市,96.5,97.199997,95.0,96.800003,171527
2024-10-01,6854,6854.TW,上市,98.300003,100.5,97.5,100.5,290129
2024-10-04,6854,6854.TW,上市,101.0,102.5,98.699997,99.599998,248000
2024-10-07,6854,6854.TW,上市,99.699997,103.0,98.900002,101.0,125043
2024-10-08,6854,6854.TW,上市,101.5,102.0,97.0,98.0,196307
2024-10-09,6854,6854.TW,上市,105.0,107.5,104.5,107.5,717691
2024-10-11,6854,6854.TW,上市,118.0,118.0,116.0,118.0,892730
2024-10-14,6854,6854.TW,上市,123.5,128.5,116.5,128.5,1654269
2024-10-15,6854,6854.TW,上市,126.5,132.0,124.5,126.0,785600
2024-10-16,6854,6854.TW,上市,138.5,138.5,138.5,138.5,1022091
2024-10-17,6854,6854.TW,上市,136.5,145.0,132.5,141.5,1175014
2024-10-18,6854,6854.TW,上市,141.5,151.0,139.0,148.5,740339
2024-10-21,6854,6854.TW,上市,148.5,155.0,148.5,155.0,636351
2024-10-22,6854,6854.TW,上市,158.0,170.0,158.0,168.0,391413
2024-10-23,6854,6854.TW,上市,171.0,173.5,156.0,156.0,487086
2024-10-24,6854,6854.TW,上市,158.5,160.0,150.0,150.5,522704
2024-10-25,6854,6854.TW,上市,155.0,160.0,154.0,157.0,254585
2024-10-28,6854,6854.TW,上市,160.0,160.0,153.5,154.5,210063
2024-10-29,6854,6854.TW,上市,150.0,155.0,148.0,154.0,201660
2024-10-30,6854,6854.TW,上市,152.0,157.0,152.0,152.5,126060
2024-11-01,6854,6854.TW,上市,149.5,151.5,149.5,151.0,156066
2024-11-04,6854,6854.TW,上市,151.0,151.5,150.0,150.0,243225
2024-11-05,6854,6854.TW,上市,150.0,165.0,148.0,165.0,939062
2024-11-06,6854,6854.TW,上市,167.0,167.5,149.0,151.0,705090
2024-11-07,6854,6854.TW,上市,150.5,166.0,145.0,166.0,629600
2024-11-08,6854,6854.TW,上市,161.0,166.5,154.0,165.5,671105
2024-11-11,6854,6854.TW,上市,158.0,161.5,154.5,156.5,515110
2024-11-12,6854,6854.TW,上市,152.0,157.5,151.0,153.0,415270
2024-11-13,6854,6854.TW,上市,151.5,155.5,150.0,155.0,323008
2024-11-14,6854,6854.TW,上市,155.0,155.0,139.5,139.5,889222
2024-11-15,6854,6854.TW,上市,139.0,139.0,130.0,138.0,616286
2024-11-18,6854,6854.TW,上市,135.5,140.0,131.5,135.0,415466
2024-11-19,6854,6854.TW,上市,137.5,137.5,130.5,134.5,252170
2024-11-20,6854,6854.TW,上市,126.5,126.5,126.5,126.5,932225
2024-11-21,6854,6854.TW,上市,126.0,132.5,122.5,126.5,389042
2024-11-22,6854,6854.TW,上市,129.0,139.0,128.0,139.0,1020025
2024-11-25,6854,6854.TW,上市,141.5,149.5,140.0,142.0,512000
2024-11-26,6854,6854.TW,上市,141.5,145.5,140.0,140.0,200050
2024-11-27,6854,6854.TW,上市,147.0,152.0,142.0,144.5,654530
2024-11-28,6854,6854.TW,上市,143.0,143.0,135.0,137.0,407700
2024-11-29,6854,6854.TW,上市,137.0,142.5,132.5,140.5,256000
2024-12-02,6854,6854.TW,上市,143.0,154.5,143.0,152.5,1215162
2024-12-03,6854,6854.TW,上市,153.0,156.0,150.0,154.5,508050
2024-12-04,6854,6854.TW,上市,155.0,161.0,149.5,160.0,609734
2024-12-05,6854,6854.TW,上市,163.0,163.0,149.5,153.0,635140
2024-12-06,6854,6854.TW,上市,153.0,154.0,144.0,149.0,626720
2024-12-09,6854,6854.TW,上市,161.5,163.5,151.5,157.5,1847132
2024-12-10,6854,6854.TW,上市,158.0,159.5,151.0,152.5,424045
2024-12-11,6854,6854.TW,上市,152.0,165.5,149.0,165.0,885401
2024-12-12,6854,6854.TW,上市,164.5,173.0,161.5,165.0,595500
2024-12-13,6854,6854.TW,上市,166.0,171.0,161.0,168.0,502401
2024-12-16,6854,6854.TW,上市,169.5,169.5,157.5,162.5,719069
2024-12-17,6854,6854.TW,上市,165.0,165.0,151.0,160.5,786058
2024-12-18,6854,6854.TW,上市,161.0,174.5,157.0,174.0,765217
2024-12-19,6854,6854.TW,上市,167.5,181.0,167.5,173.0,1123833
2024-12-20,6854,6854.TW,上市,173.0,173.0,165.0,166.5,404100
2024-12-23,6854,6854.TW,上市,169.0,169.5,164.0,166.0,209030
2024-12-24,6854,6854.TW,上市,165.5,170.5,163.5,168.0,302000
2024-12-25,6854,6854.TW,上市,172.5,180.0,172.0,177.0,1458272
2024-12-26,6854,6854.TW,上市,177.0,179.0,166.5,173.5,779097
2024-12-27,6854,6854.TW,上市,173.5,174.0,168.5,171.0,280400
2024-12-30,6854,6854.TW,上市,173.5,188.0,172.0,188.0,1615002
2024-12-31,6854,6854.TW,上市,190.0,205.5,185.5,200.0,1373209
2025-01-02,6854,6854.TW,上市,200.5,220.0,200.5,208.5,1824355
2025-01-03,6854,6854.TW,上市,209.5,211.0,197.5,200.5,774924
2025-01-06,6854,6854.TW,上市,204.0,212.0,200.5,212.0,1203063
2025-01-07,6854,6854.TW,上市,214.0,216.0,203.5,207.0,961122
2025-01-08,6854,6854.TW,上市,212.5,225.0,208.0,224.5,1384537
2025-01-09,6854,6854.TW,上市,203.5,219.0,202.5,208.0,1974238
2025-01-10,6854,6854.TW,上市,208.0,211.5,203.0,206.0,771250
2025-01-13,6854,6854.TW,上市,201.0,204.0,188.0,200.0,1323020
2025-01-14,6854,6854.TW,上市,202.0,208.5,197.0,208.5,702830
2025-01-15,6854,6854.TW,上市,209.0,213.0,202.5,213.0,817532
2025-01-16,6854,6854.TW,上市,217.0,224.0,208.0,224.0,893824
2025-01-17,6854,6854.TW,上市,221.0,222.5,213.0,213.5,679281
2025-01-20,6854,6854.TW,上市,216.0,224.5,211.0,216.5,678044
2025-01-21,6854,6854.TW,上市,217.0,217.5,212.0,214.5,317514
2025-01-22,6854,6854.TW,上市,214.5,217.5,211.5,213.0,293362
2025-02-03,6854,6854.TW,上市,201.5,210.0,201.5,209.5,605100
2025-02-04,6854,6854.TW,上市,211.0,211.0,198.0,198.0,619883
2025-02-05,6854,6854.TW,上市,200.0,204.5,198.0,203.0,228000
2025-02-06,6854,6854.TW,上市,199.0,207.0,198.0,199.0,385130
2025-02-07,6854,6854.TW,上市,199.5,203.5,198.0,199.0,294000
2025-02-10,6854,6854.TW,上市,198.0,199.5,193.0,198.5,584000
2025-02-11,6854,6854.TW,上市,201.0,218.0,201.0,218.0,1319156
2025-02-12,6854,6854.TW,上市,229.5,239.5,226.5,239.5,1654487
2025-02-13,6854,6854.TW,上市,241.5,262.0,241.5,261.5,1810130
2025-02-14,6854,6854.TW,上市,257.0,262.0,245.5,257.0,1029042
2025-02-17,6854,6854.TW,上市,260.0,270.0,255.0,257.0,493070
2025-02-18,6854,6854.TW,上市,257.0,264.5,246.0,246.0,475174
2025-02-19,6854,6854.TW,上市,249.5,258.0,248.0,256.0,400328
2025-02-20,6854,6854.TW,上市,261.0,272.0,252.5,267.5,559932
2025-02-21,6854,6854.TW,上市,267.0,277.5,241.0,247.5,1487615
2025-02-24,6854,6854.TW,上市,234.714279,250.493393,234.714279,248.521011,548695
2025-02-25,6854,6854.TW,上市,243.096939,248.521011,242.603836,243.096939,210916
2025-02-26,6854,6854.TW,上市,245.562424,250.000305,241.617645,246.548615,342883
2025-02-27,6854,6854.TW,上市,247.534805,247.534805,232.248795,232.248795,590638
2025-03-03,6854,6854.TW,上市,213.5,222.0,213.0,213.0,1121256
2025-03-04,6854,6854.TW,上市,210.0,219.0,202.0,216.0,837200
2025-03-05,6854,6854.TW,上市,216.0,227.5,213.5,223.0,695004
2025-03-06,6854,6854.TW,上市,224.0,227.0,211.5,214.0,644299
2025-03-07,6854,6854.TW,上市,212.0,217.5,195.0,200.0,1581500
2025-03-10,6854,6854.TW,上市,195.0,200.5,191.5,195.0,1108200
2025-03-11,6854,6854.TW,上市,189.5,193.0,187.0,190.0,791000
2025-03-12,6854,6854.TW,上市,193.0,198.5,192.0,193.0,510431
2025-03-13,6854,6854.TW,上市,194.0,197.0,189.0,190.0,424250
2025-03-14,6854,6854.TW,上市,190.0,198.0,189.0,192.5,881587
2025-03-17,6854,6854.TW,上市,193.0,195.0,191.0,192.5,382200
2025-03-18,6854,6854.TW,上市,193.0,194.0,191.0,191.0,421356
2025-03-19,6854,6854.TW,上市,191.0,209.0,191.0,207.0,1170062
2025-03-20,6854,6854.TW,上市,209.5,214.0,202.0,204.0,923250
2025-03-21,6854,6854.TW,上市,201.0,204.0,192.0,193.0,966244
2025-03-24,6854,6854.TW,上市,193.5,196.5,190.0,191.0,594091
2025-03-25,6854,6854.TW,上市,195.5,201.5,192.0,198.0,678241
2025-03-26,6854,6854.TW,上市,200.0,200.0,192.0,195.5,737150
2025-03-27,6854,6854.TW,上市,195.5,195.5,190.0,191.0,2171027
2025-03-28,6854,6854.TW,上市,192.5,192.5,172.0,174.0,2402559
2025-03-31,6854,6854.TW,上市,160.0,165.0,157.0,157.0,538097
2025-04-01,6854,6854.TW,上市,141.5,151.0,141.5,145.5,2192753
2025-04-02,6854,6854.TW,上市,145.5,150.5,135.5,150.0,1236944
2025-04-07,6854,6854.TW,上市,135.0,135.0,135.0,135.0,39000
2025-04-08,6854,6854.TW,上市,126.0,133.5,121.5,131.0,2492258
2025-04-09,6854,6854.TW,上市,125.5,126.5,118.0,118.0,1272500
2025-04-10,6854,6854.TW,上市,129.5,129.5,129.5,129.5,128000
2025-04-11,6854,6854.TW,上市,118.0,141.0,118.0,139.5,1453010
2025-04-14,6854,6854.TW,上市,142.5,149.5,139.0,143.0,975020
2025-04-15,6854,6854.TW,上市,145.0,157.0,145.0,154.5,930273
2025-04-16,6854,6854.TW,上市,151.0,155.5,149.5,151.5,660469
2025-04-17,6854,6854.TW,上市,156.5,158.0,144.0,148.5,848201
2025-04-18,6854,6854.TW,上市,148.5,149.0,141.5,146.0,345049
2025-04-21,6854,6854.TW,上市,141.0,145.0,136.0,137.0,357097
2025-04-22,6854,6854.TW,上市,132.5,137.0,128.5,129.5,452028
2025-04-23,6854,6854.TW,上市,136.0,142.0,132.5,142.0,583052
2025-04-24,6854,6854.TW,上市,146.0,148.5,142.5,143.5,393720
2025-04-25,6854,6854.TW,上市,150.5,157.5,145.0,145.0,1207109
2025-04-28,6854,6854.TW,上市,146.0,149.0,145.0,146.0,236285
2025-04-29,6854,6854.TW,上市,145.0,153.5,144.0,153.0,307060
2025-04-30,6854,6854.TW,上市,153.0,156.0,146.5,147.0,323253
2025-05-02,6854,6854.TW,上市,152.0,152.5,147.0,147.0,302000
2025-05-05,6854,6854.TW,上市,147.5,147.5,132.5,138.0,976927
2025-05-06,6854,6854.TW,上市,136.5,147.0,135.5,142.0,437038
2025-05-07,6854,6854.TW,上市,142.0,142.0,137.0,137.0,304101
2025-05-08,6854,6854.TW,上市,139.5,145.0,137.0,139.0,269000
2025-05-09,6854,6854.TW,上市,137.5,139.5,133.5,139.0,344087
2025-05-12,6854,6854.TW,上市,139.0,152.5,137.5,152.5,708000
2025-05-13,6854,6854.TW,上市,164.0,164.0,151.5,152.0,952092
2025-05-14,6854,6854.TW,上市,154.0,158.5,151.5,156.0,413407
2025-05-15,6854,6854.TW,上市,152.5,156.5,150.5,151.0,272003
2025-05-16,6854,6854.TW,上市,151.0,153.0,148.5,149.0,173160
2025-05-19,6854,6854.TW,上市,149.5,153.5,147.0,152.0,433021
2025-05-20,6854,6854.TW,上市,152.0,157.5,152.0,155.0,340184
2025-05-21,6854,6854.TW,上市,152.5,161.0,152.5,159.0,635085
2025-05-22,6854,6854.TW,上市,159.5,161.5,154.0,160.0,620556
2025-05-23,6854,6854.TW,上市,162.5,165.0,158.0,159.0,496053
2025-05-26,6854,6854.TW,上市,158.0,158.0,154.0,157.0,352185
2025-05-27,6854,6854.TW,上市,157.0,158.5,154.0,155.0,440002
2025-05-28,6854,6854.TW,上市,158.5,158.5,147.0,148.0,430793
2025-05-29,6854,6854.TW,上市,153.5,153.5,143.5,145.0,332102
2025-06-02,6854,6854.TW,上市,140.0,143.0,137.0,140.0,277083
2025-06-03,6854,6854.TW,上市,143.0,143.0,139.0,140.0,109155
2025-06-04,6854,6854.TW,上市,140.0,142.0,138.5,139.5,157013
2025-06-05,6854,6854.TW,上市,140.0,141.5,136.5,138.0,254205
2025-06-06,6854,6854.TW,上市,136.5,139.0,136.5,138.5,90000
2025-06-09,6854,6854.TW,上市,136.0,146.0,136.0,141.0,365033
2025-06-10,6854,6854.TW,上市,139.0,153.0,139.0,150.0,742115
2025-06-11,6854,6854.TW,上市,149.5,152.5,147.0,150.0,351200
2025-06-12,6854,6854.TW,上市,148.5,152.5,140.5,144.0,448600
2025-06-13,6854,6854.TW,上市,141.0,142.5,130.0,130.0,2008294
2025-06-16,6854,6854.TW,上市,130.0,133.5,126.0,131.0,476153
2025-06-17,6854,6854.TW,上市,132.0,140.0,131.5,139.0,520020
2025-06-18,6854,6854.TW,上市,139.0,139.0,135.0,135.5,219379
2025-06-19,6854,6854.TW,上市,134.0,141.0,134.0,139.0,409001
2025-06-20,6854,6854.TW,上市,138.5,152.5,138.5,152.5,2729734
2025-06-23,6854,6854.TW,上市,149.0,158.0,149.0,155.5,1420010
2025-06-24,6854,6854.TW,上市,155.5,165.0,151.5,163.0,1566010
2025-06-25,6854,6854.TW,上市,166.5,179.0,162.0,178.5,2122691
2025-06-26,6854,6854.TW,上市,178.5,183.5,176.0,181.5,1594509
2025-06-27,6854,6854.TW,上市,182.0,199.5,179.5,197.0,2487283
2025-06-30,6854,6854.TW,上市,197.0,199.0,189.5,195.0,1347782
2025-07-01,6854,6854.TW,上市,189.0,200.0,188.5,190.5,1312364
2025-07-02,6854,6854.TW,上市,187.0,193.0,182.0,185.5,1140221
2025-07-03,6854,6854.TW,上市,188.5,189.0,180.0,186.0,841150
2025-07-04,6854,6854.TW,上市,185.5,190.0,180.5,186.0,463407
2025-07-07,6854,6854.TW,上市,183.5,186.5,169.0,177.0,1105102
2025-07-08,6854,6854.TW,上市,177.5,177.5,169.5,176.5,514000
2025-07-09,6854,6854.TW,上市,173.5,179.0,173.0,175.5,326000
2025-07-10,6854,6854.TW,上市,177.0,177.0,172.0,174.0,438102
2025-07-11,6854,6854.TW,上市,173.0,174.0,170.0,171.0,569463
2025-07-14,6854,6854.TW,上市,171.0,174.0,165.0,165.0,576002
2025-07-15,6854,6854.TW,上市,163.5,170.0,163.5,166.0,416000
2025-07-16,6854,6854.TW,上市,166.0,171.0,165.0,169.0,469863
2025-07-17,6854,6854.TW,上市,169.0,171.5,167.0,167.5,338160
2025-07-18,6854,6854.TW,上市,167.5,170.5,166.0,167.5,394100
2025-07-21,6854,6854.TW,上市,166.5,166.5,164.0,165.0,325026
2025-07-22,6854,6854.TW,上市,166.0,174.0,159.0,159.0,922032
2025-07-23,6854,6854.TW,上市,160.0,161.0,155.5,157.5,420004
2025-07-24,6854,6854.TW,上市,159.5,161.0,152.5,153.5,451013
2025-07-25,6854,6854.TW,上市,155.0,155.0,151.0,152.0,262734
2025-07-28,6854,6854.TW,上市,152.0,158.5,151.0,155.0,558500
2025-07-29,6854,6854.TW,上市,164.5,164.5,149.5,150.0,724041
2025-07-30,6854,6854.TW,上市,152.0,152.0,146.0,148.5,305133
2025-07-31,6854,6854.TW,上市,146.5,148.0,141.5,143.0,718003
2025-08-04,6854,6854.TW,上市,144.5,147.5,143.0,145.0,351100
2025-08-05,6854,6854.TW,上市,146.0,149.0,143.5,146.0,308003
2025-08-06,6854,6854.TW,上市,146.0,146.0,142.0,143.0,231220
2025-08-07,6854,6854.TW,上市,145.5,148.0,143.0,148.0,339505
2025-08-08,6854,6854.TW,上市,148.0,148.0,142.0,142.5,626023
2025-08-11,6854,6854.TW,上市,140.5,142.5,133.0,141.0,486744
2025-08-12,6854,6854.TW,上市,139.5,144.5,139.0,141.0,287015
2025-08-13,6854,6854.TW,上市,142.0,149.5,142.0,147.0,615015
2025-08-14,6854,6854.TW,上市,147.0,149.0,144.0,147.0,420200
2025-08-15,6854,6854.TW,上市,145.0,161.5,145.0,161.5,1432735
2025-08-18,6854,6854.TW,上市,166.0,166.0,157.0,164.0,1240010
2025-08-19,6854,6854.TW,上市,164.0,167.5,159.0,165.5,1187624
2025-08-20,6854,6854.TW,上市,164.5,165.0,159.0,159.5,859351
2025-08-21,6854,6854.TW,上市,160.0,170.0,160.0,167.0,1030082
2025-08-22,6854,6854.TW,上市,173.0,178.5,166.0,168.0,1527161
2025-08-25,6854,6854.TW,上市,171.0,172.5,163.5,169.0,879779
2025-08-26,6854,6854.TW,上市,167.0,175.0,164.0,172.0,964126
2025-08-27,6854,6854.TW,上市,170.0,176.0,169.5,173.0,628499
2025-08-28,6854,6854.TW,上市,171.0,175.0,170.0,171.5,444100
2025-08-29,6854,6854.TW,上市,172.0,172.5,169.5,171.5,561290
2025-09-01,6854,6854.TW,上市,171.5,176.0,165.0,166.5,826935
2025-09-02,6854,6854.TW,上市,168.5,183.0,168.5,183.0,2229260
2025-09-03,6854,6854.TW,上市,183.0,190.5,176.0,180.0,1373110
2025-09-04,6854,6854.TW,上市,180.0,180.5,166.0,166.0,1199715
2025-09-05,6854,6854.TW,上市,167.5,169.5,164.5,167.5,404533
2025-09-08,6854,6854.TW,上市,167.5,170.5,164.5,167.5,535065
2025-09-09,6854,6854.TW,上市,166.0,169.5,165.0,168.0,640080
2025-09-10,6854,6854.TW,上市,169.0,169.5,159.5,160.0,1192011
2025-09-11,6854,6854.TW,上市,161.0,161.0,155.0,156.0,490025
2025-09-12,6854,6854.TW,上市,161.0,165.5,154.5,154.5,542053
2025-09-15,6854,6854.TW,上市,154.5,154.5,150.0,150.0,467007
2025-09-16,6854,6854.TW,上市,151.5,165.0,151.5,165.0,702259
2025-09-17,6854,6854.TW,上市,165.0,168.5,161.0,163.5,625109
2025-09-18,6854,6854.TW,上市,166.5,166.5,160.0,160.5,309194
2025-09-19,6854,6854.TW,上市,160.5,162.5,158.5,158.5,296281
2025-09-22,6854,6854.TW,上市,164.0,164.0,155.5,156.5,321002
2025-09-23,6854,6854.TW,上市,159.0,161.5,156.5,158.5,299100
2025-09-24,6854,6854.TW,上市,159.0,159.0,156.0,157.0,226023
2025-09-25,6854,6854.TW,上市,157.5,162.5,156.0,156.0,313000
2025-09-26,6854,6854.TW,上市,156.0,156.0,150.5,152.5,300000
2025-09-30,6854,6854.TW,上市,152.0,155.5,151.5,153.5,144020
2025-10-01,6854,6854.TW,上市,154.0,161.0,154.0,155.0,265051
2025-10-02,6854,6854.TW,上市,156.0,156.5,151.5,152.5,247140
2025-10-03,6854,6854.TW,上市,152.5,155.5,151.5,153.0,203000
2025-10-07,6854,6854.TW,上市,152.5,156.5,149.5,154.0,351000
2025-10-08,6854,6854.TW,上市,152.0,155.5,151.5,153.0,161217
2025-10-09,6854,6854.TW,上市,154.0,156.0,150.0,150.0,212051
2025-10-13,6854,6854.TW,上市,142.0,146.5,142.0,144.0,310050
2025-10-14,6854,6854.TW,上市,148.5,148.5,141.5,143.0,338022
2025-10-15,6854,6854.TW,上市,148.5,148.5,143.0,145.0,124016
2025-10-16,6854,6854.TW,上市,147.0,149.0,145.0,146.0,195000
2025-10-17,6854,6854.TW,上市,148.0,151.0,145.0,146.5,192108
2025-10-20,6854,6854.TW,上市,148.0,150.0,145.0,147.5,154204
2025-10-21,6854,6854.TW,上市,149.5,159.5,149.5,151.5,273001
2025-10-22,6854,6854.TW,上市,151.5,161.5,151.5,158.0,441043
2025-10-23,6854,6854.TW,上市,158.0,158.0,153.5,154.0,277028
2025-10-27,6854,6854.TW,上市,159.0,159.0,152.0,155.0,154012
2025-10-28,6854,6854.TW,上市,157.0,157.0,152.0,153.0,151564
2025-10-29,6854,6854.TW,上市,153.5,159.5,153.0,153.5,164000
2025-10-30,6854,6854.TW,上市,158.0,158.0,153.0,153.5,247000
2025-10-31,6854,6854.TW,上市,153.5,155.0,152.0,152.5,131040
2025-11-03,6854,6854.TW,上市,153.0,156.5,151.5,153.0,258010
2025-11-04,6854,6854.TW,上市,154.5,154.5,147.5,147.5,314003
2025-11-05,6854,6854.TW,上市,146.0,148.0,142.0,145.5,206022
2025-11-06,6854,6854.TW,上市,146.5,148.0,145.0,146.5,130220
2025-11-07,6854,6854.TW,上市,148.0,155.0,148.0,152.0,315504
2025-11-10,6854,6854.TW,上市,151.0,151.0,145.0,147.5,437106
2025-11-11,6854,6854.TW,上市,148.0,150.5,146.0,146.5,225000
2025-11-12,6854,6854.TW,上市,147.5,147.5,143.0,143.5,369213
2025-11-13,6854,6854.TW,上市,143.0,145.0,142.5,144.0,387000
2025-11-14,6854,6854.TW,上市,142.0,142.0,138.5,138.5,555002
2025-11-17,6854,6854.TW,上市,139.0,139.5,137.0,137.0,270002
2025-11-18,6854,6854.TW,上市,138.5,140.0,129.0,129.5,734419
2025-11-19,6854,6854.TW,上市,128.5,131.5,127.0,128.0,344240
2025-11-20,6854,6854.TW,上市,130.0,134.0,130.0,132.5,184000
2025-11-21,6854,6854.TW,上市,131.5,131.5,126.0,127.0,210015
2025-11-24,6854,6854.TW,上市,131.0,131.0,127.5,129.5,166000
2025-11-25,6854,6854.TW,上市,130.0,130.5,128.5,129.0,269000
2025-11-26,6854,6854.TW,上市,129.5,130.5,129.0,130.0,245000
2025-11-27,6854,6854.TW,上市,131.0,131.0,128.5,130.5,328881
2025-11-28,6854,6854.TW,上市,130.5,139.0,130.5,132.0,493105
2025-12-01,6854,6854.TW,上市,132.0,132.0,128.0,128.5,219013
2025-12-02,6854,6854.TW,上市,130.0,130.0,125.5,126.5,448010
2025-12-03,6854,6854.TW,上市,126.5,138.5,126.5,134.0,616000
2025-12-04,6854,6854.TW,上市,134.0,139.5,132.5,132.5,415568
2025-12-05,6854,6854.TW,上市,133.0,134.0,127.5,128.5,392000
2025-12-08,6854,6854.TW,上市,128.5,129.0,128.0,128.5,176003
2025-12-09,6854,6854.TW,上市,129.5,134.5,126.5,127.5,618000
2025-12-10,6854,6854.TW,上市,128.5,131.0,128.0,129.5,177011
2025-12-11,6854,6854.TW,上市,131.0,138.0,130.0,138.0,484080
2025-12-12,6854,6854.TW,上市,136.5,136.5,131.0,132.0,338383
2025-12-15,6854,6854.TW,上市,130.0,131.5,128.5,131.0,119017
2025-12-16,6854,6854.TW,上市,131.0,133.5,129.5,133.0,203010
2025-12-17,6854,6854.TW,上市,133.5,136.5,131.0,131.0,238003
2025-12-18,6854,6854.TW,上市,131.0,131.0,128.5,129.0,154021
2025-12-19,6854,6854.TW,上市,130.0,134.0,129.5,134.0,144010
2025-12-22,6854,6854.TW,上市,134.5,134.5,129.5,131.0,251143
2025-12-23,6854,6854.TW,上市,131.0,131.0,128.5,129.5,151006
2025-12-24,6854,6854.TW,上市,130.0,132.0,129.5,130.0,143015
2025-12-26,6854,6854.TW,上市,130.5,131.0,129.0,129.5,146227
2025-12-29,6854,6854.TW,上市,130.0,135.5,130.0,135.0,460210
2025-12-30,6854,6854.TW,上市,134.0,134.5,130.0,134.5,234010
2025-12-31,6854,6854.TW,上市,135.0,135.0,132.0,134.5,181003
2026-01-02,6854,6854.TW,上市,134.0,134.0,129.0,131.0,320033
2026-01-05,6854,6854.TW,上市,130.5,130.5,127.0,129.0,393012
2026-01-06,6854,6854.TW,上市,128.5,131.5,127.0,129.0,244000
2026-01-07,6854,6854.TW,上市,130.5,141.5,128.0,137.5,772304
2026-01-08,6854,6854.TW,上市,138.0,139.0,131.5,132.0,310097
2026-01-09,6854,6854.TW,上市,131.0,131.0,124.0,126.0,592103
2026-01-12,6854,6854.TW,上市,127.0,128.0,121.5,123.0,506010
2026-01-13,6854,6854.TW,上市,125.5,126.0,119.0,123.5,707128
2026-01-14,6854,6854.TW,上市,126.0,135.5,125.0,132.5,1593011
2026-01-15,6854,6854.TW,上市,130.0,131.0,123.0,124.5,760004
2026-01-16,6854,6854.TW,上市,126.0,126.5,121.0,123.0,443513
2026-01-19,6854,6854.TW,上市,123.0,127.5,121.5,125.0,431008
2026-01-20,6854,6854.TW,上市,125.5,125.5,121.5,121.5,555447
2026-01-21,6854,6854.TW,上市,120.5,121.0,112.0,112.5,1338167
2026-01-22,6854,6854.TW,上市,114.0,117.5,111.5,112.0,490000
2026-01-23,6854,6854.TW,上市,113.0,114.0,109.5,111.5,490999
2026-01-26,6854,6854.TW,上市,113.0,122.5,111.0,121.0,1080006
2026-01-27,6854,6854.TW,上市,125.0,128.5,116.0,120.0,1226005
2026-01-28,6854,6854.TW,上市,121.0,131.0,120.5,127.0,1070005
2026-01-29,6854,6854.TW,上市,131.0,131.0,122.0,123.5,486166
2026-01-30,6854,6854.TW,上市,123.5,123.5,119.0,121.0,343000
2026-02-02,6854,6854.TW,上市,119.0,119.0,114.5,117.5,416293
2026-02-03,6854,6854.TW,上市,119.0,123.0,119.0,120.0,333000
2026-02-04,6854,6854.TW,上市,121.0,125.5,119.5,123.5,346039
2026-02-05,6854,6854.TW,上市,122.0,128.0,122.0,124.5,381433
2026-02-06,6854,6854.TW,上市,123.0,123.0,118.0,119.5,431400
2026-02-09,6854,6854.TW,上市,124.0,128.0,123.5,125.5,612000
2026-02-10,6854,6854.TW,上市,116.5,119.5,114.5,116.5,717135
2026-02-11,6854,6854.TW,上市,116.5,119.0,116.5,117.5,182698
2026-02-23,6854,6854.TW,上市,120.0,129.0,119.0,129.0,969000
2026-02-24,6854,6854.TW,上市,131.0,136.5,130.0,132.0,1106759
2026-02-25,6854,6854.TW,上市,134.0,145.0,133.0,145.0,1001007
2026-02-26,6854,6854.TW,上市,149.5,157.0,144.5,151.5,2104176
2026-03-02,6854,6854.TW,上市,147.0,152.5,143.0,143.0,1385500
2026-03-03,6854,6854.TW,上市,145.0,148.0,137.0,137.5,934203
2026-03-04,6854,6854.TW,上市,135.0,135.5,128.5,131.0,794200
2026-03-05,6854,6854.TW,上市,136.0,139.5,132.5,133.0,570100
2026-03-06,6854,6854.TW,上市,136.0,138.5,133.0,135.0,395000
2026-03-09,6854,6854.TW,上市,122.0,127.5,122.0,127.0,693165
2026-03-10,6854,6854.TW,上市,129.0,132.0,125.0,130.0,275000
2026-03-11,6854,6854.TW,上市,132.0,139.0,131.0,135.0,1070001
2026-03-12,6854,6854.TW,上市,137.0,148.0,134.0,143.5,1521419
2026-03-13,6854,6854.TW,上市,141.5,151.5,140.0,143.5,1518000
2026-03-16,6854,6854.TW,上市,143.5,143.5,138.0,139.0,743421
2026-03-17,6854,6854.TW,上市,140.5,145.0,138.0,138.5,525281
2026-03-18,6854,6854.TW,上市,140.0,142.5,136.5,140.5,642146
2026-03-19,6854,6854.TW,上市,141.0,144.0,135.0,135.0,682409
2026-03-20,6854,6854.TW,上市,137.0,148.5,136.0,143.5,1978383
2026-03-23,6854,6854.TW,上市,140.0,148.5,138.0,141.5,1303258
2026-03-24,6854,6854.TW,上市,145.0,150.0,135.0,138.5,1166504
2026-03-25,6854,6854.TW,上市,143.5,152.0,142.0,152.0,2328030
2026-03-26,6854,6854.TW,上市,159.5,164.0,152.5,152.5,2795263
2026-03-27,6854,6854.TW,上市,149.5,157.5,148.0,153.5,1410457
2026-03-30,6854,6854.TW,上市,152.0,156.5,145.0,146.0,1436271
2026-03-31,6854,6854.TW,上市,144.5,144.5,135.0,136.5,1316042
2026-04-01,6854,6854.TW,上市,139.5,145.5,139.5,141.0,654005
2026-04-02,6854,6854.TW,上市,142.0,142.5,138.0,139.0,595066
2026-04-07,6854,6854.TW,上市,141.0,143.0,137.0,138.0,601291
2026-04-08,6854,6854.TW,上市,142.0,142.5,139.5,141.5,510013
2026-04-09,6854,6854.TW,上市,141.5,142.5,138.5,139.5,584041
2026-04-10,6854,6854.TW,上市,141.5,142.0,136.0,137.5,617339
2026-04-13,6854,6854.TW,上市,139.0,151.0,138.0,148.0,1545370
2026-04-14,6854,6854.TW,上市,153.0,160.0,150.5,157.0,1727700
2026-04-15,6854,6854.TW,上市,165.0,166.0,154.0,157.5,1152701
2026-04-16,6854,6854.TW,上市,158.0,158.0,152.0,153.5,705301
2026-04-17,6854,6854.TW,上市,153.5,167.5,153.5,167.5,1978920
2026-04-20,6854,6854.TW,上市,172.0,184.0,170.0,184.0,2351082
2026-04-21,6854,6854.TW,上市,192.5,197.5,185.5,190.5,2947908
2026-04-22,6854,6854.TW,上市,193.5,196.0,185.5,187.0,1721400
2026-04-23,6854,6854.TW,上市,189.0,190.0,168.5,171.5,2969625
2026-04-24,6854,6854.TW,上市,175.5,181.0,167.5,169.5,1326057
2026-04-27,6854,6854.TW,上市,167.5,167.5,153.0,154.5,1783609
2026-04-28,6854,6854.TW,上市,154.5,159.0,151.0,156.5,659116
2026-04-29,6854,6854.TW,上市,158.5,158.5,153.5,155.0,443015
2026-04-30,6854,6854.TW,上市,155.5,160.0,154.5,155.5,482202
2026-05-04,6854,6854.TW,上市,155.5,157.5,152.0,156.0,533495
2026-05-05,6854,6854.TW,上市,158.0,162.0,155.5,159.5,590700
2026-05-06,6854,6854.TW,上市,164.0,164.0,153.5,154.0,718000
2026-05-07,6854,6854.TW,上市,154.5,161.5,153.0,153.5,517052
2026-05-08,6854,6854.TW,上市,155.0,155.0,145.0,147.0,883400
2026-05-11,6854,6854.TW,上市,147.5,147.5,143.0,145.5,521204
2026-05-12,6854,6854.TW,上市,146.5,154.0,146.5,147.5,793300
2026-05-13,6854,6854.TW,上市,149.5,149.5,144.0,144.5,519792
2026-05-14,6854,6854.TW,上市,145.0,148.0,145.0,147.0,520286
2026-05-15,6854,6854.TW,上市,147.5,156.5,147.5,148.5,989270
2026-05-18,6854,6854.TW,上市,150.0,150.5,143.0,150.5,686375
2026-05-19,6854,6854.TW,上市,148.5,156.5,148.0,149.5,665085
2026-05-20,6854,6854.TW,上市,148.0,152.5,145.0,145.5,753000
2026-05-21,6854,6854.TW,上市,148.5,160.0,148.0,158.5,1218391
2026-05-22,6854,6854.TW,上市,160.0,170.0,157.5,169.5,1237238
2026-05-25,6854,6854.TW,上市,172.0,179.0,170.5,172.5,1497144
2026-05-26,6854,6854.TW,上市,173.0,175.0,156.0,160.0,2013457
2026-05-27,6854,6854.TW,上市,161.5,165.0,151.5,155.5,1102374
2026-05-28,6854,6854.TW,上市,156.0,164.0,150.5,152.0,908562
2026-05-29,6854,6854.TW,上市,156.5,158.0,151.0,151.5,511235
2026-06-01,6854,6854.TW,上市,152.0,152.0,146.0,148.0,966275
