date,symbol,yahoo_symbol,market,open,high,low,close,volume
2022-11-01,5548,5548.TWO,上櫃,13.873663,16.111349,13.873663,15.932335,190409
2022-11-02,5548,5548.TWO,上櫃,15.216275,15.216275,14.142185,14.992507,43892
2022-11-03,5548,5548.TWO,上櫃,14.858245,14.858245,14.142185,14.3212,786
2022-11-04,5548,5548.TWO,上櫃,14.67923,14.67923,14.67923,14.67923,4710
2022-11-07,5548,5548.TWO,上櫃,13.918416,13.96317,13.381371,13.873663,52518
2022-11-08,5548,5548.TWO,上櫃,13.828909,13.828909,13.828909,13.828909,243
2022-11-09,5548,5548.TWO,上櫃,13.828909,13.828909,13.828909,13.828909,0
2022-11-10,5548,5548.TWO,上櫃,13.828909,13.828909,13.828909,13.828909,156
2022-11-11,5548,5548.TWO,上櫃,13.426125,13.739401,13.426125,13.739401,1268
2022-11-14,5548,5548.TWO,上櫃,13.739401,13.739401,13.739401,13.739401,0
2022-11-15,5548,5548.TWO,上櫃,13.739401,13.739401,13.739401,13.739401,0
2022-11-16,5548,5548.TWO,上櫃,13.426125,13.426125,13.426125,13.426125,22344
2022-11-17,5548,5548.TWO,上櫃,13.739401,13.784155,13.694648,13.784155,11368
2022-11-18,5548,5548.TWO,上櫃,13.426125,13.426125,13.291864,13.291864,12487
2022-11-21,5548,5548.TWO,上櫃,13.784155,13.784155,13.426125,13.426125,3464
2022-11-22,5548,5548.TWO,上櫃,13.426125,13.426125,13.426125,13.426125,0
2022-11-23,5548,5548.TWO,上櫃,13.739401,13.739401,13.24711,13.336618,21346
2022-11-24,5548,5548.TWO,上櫃,13.24711,13.426125,13.023341,13.291864,26813
2022-11-25,5548,5548.TWO,上櫃,13.023341,13.023341,12.844326,13.023341,18920
2022-11-28,5548,5548.TWO,上櫃,12.441543,13.023341,12.441543,13.023341,2360
2022-11-29,5548,5548.TWO,上櫃,12.978588,12.978588,12.978588,12.978588,1161
2022-11-30,5548,5548.TWO,上櫃,12.978588,13.023341,12.710065,12.978588,20199
2022-12-01,5548,5548.TWO,上櫃,13.068095,13.068095,12.710065,13.023341,12356
2022-12-02,5548,5548.TWO,上櫃,13.023341,13.023341,12.978588,13.023341,13473
2022-12-05,5548,5548.TWO,上櫃,13.068095,13.112849,13.068095,13.112849,14546
2022-12-06,5548,5548.TWO,上櫃,13.381371,14.500215,13.381371,14.410708,78228
2022-12-07,5548,5548.TWO,上櫃,14.052678,14.500215,14.052678,14.500215,31304
2022-12-08,5548,5548.TWO,上櫃,14.500215,14.589723,14.3212,14.589723,21697
2022-12-09,5548,5548.TWO,上櫃,14.589723,14.589723,14.276446,14.455461,36892
2022-12-12,5548,5548.TWO,上櫃,14.231693,14.410708,14.231693,14.410708,22
2022-12-13,5548,5548.TWO,上櫃,14.410708,14.500215,14.007924,14.007924,34633
2022-12-14,5548,5548.TWO,上櫃,14.142185,14.142185,14.142185,14.142185,11
2022-12-15,5548,5548.TWO,上櫃,14.142185,14.142185,14.142185,14.142185,5586
2022-12-16,5548,5548.TWO,上櫃,14.097431,14.142185,14.007924,14.142185,11183
2022-12-19,5548,5548.TWO,上櫃,14.097431,14.097431,14.052678,14.097431,5709
2022-12-20,5548,5548.TWO,上櫃,13.470879,14.052678,13.470879,13.96317,10066
2022-12-21,5548,5548.TWO,上櫃,13.96317,13.96317,13.96317,13.96317,0
2022-12-22,5548,5548.TWO,上櫃,13.96317,14.007924,13.96317,14.007924,4491
2022-12-23,5548,5548.TWO,上櫃,14.007924,14.052678,13.470879,14.052678,61469
2022-12-26,5548,5548.TWO,上櫃,14.052678,14.052678,14.052678,14.052678,0
2022-12-27,5548,5548.TWO,上櫃,13.873663,14.052678,13.873663,14.052678,11295
2022-12-28,5548,5548.TWO,上櫃,13.96317,14.052678,13.60514,14.052678,13417
2022-12-29,5548,5548.TWO,上櫃,13.60514,14.007924,13.470879,13.470879,1129
2022-12-30,5548,5548.TWO,上櫃,13.470879,13.470879,13.470879,13.470879,0
2023-01-03,5548,5548.TWO,上櫃,13.470879,13.470879,13.470879,13.470879,0
2023-01-04,5548,5548.TWO,上櫃,13.470879,13.470879,13.470879,13.470879,0
2023-01-05,5548,5548.TWO,上櫃,13.96317,13.96317,13.96317,13.96317,1
2023-01-06,5548,5548.TWO,上櫃,13.426125,13.96317,13.426125,13.96317,33
2023-01-09,5548,5548.TWO,上櫃,13.426125,13.515633,13.426125,13.515633,3633
2023-01-10,5548,5548.TWO,上櫃,13.515633,13.515633,13.515633,13.515633,1224
2023-01-11,5548,5548.TWO,上櫃,13.515633,13.515633,13.515633,13.515633,10289
2023-01-12,5548,5548.TWO,上櫃,13.560386,13.560386,13.560386,13.560386,5586
2023-01-13,5548,5548.TWO,上櫃,13.60514,13.60514,13.60514,13.60514,1
2023-01-16,5548,5548.TWO,上櫃,13.60514,13.60514,13.60514,13.60514,1787
2023-01-17,5548,5548.TWO,上櫃,13.694648,13.694648,13.694648,13.694648,1117
2023-01-30,5548,5548.TWO,上櫃,13.694648,13.96317,13.694648,13.96317,6714
2023-01-31,5548,5548.TWO,上櫃,13.96317,13.96317,13.96317,13.96317,2247
2023-02-01,5548,5548.TWO,上櫃,13.873663,14.007924,13.873663,13.96317,13462
2023-02-02,5548,5548.TWO,上櫃,14.007924,14.3212,14.007924,14.3212,10122
2023-02-03,5548,5548.TWO,上櫃,14.3212,14.3212,14.3212,14.3212,19685
2023-02-06,5548,5548.TWO,上櫃,14.231693,14.3212,14.142185,14.276446,10066
2023-02-07,5548,5548.TWO,上櫃,14.186939,14.3212,13.96317,14.3212,13429
2023-02-08,5548,5548.TWO,上櫃,14.3212,14.3212,14.276446,14.3212,20110
2023-02-09,5548,5548.TWO,上櫃,14.3212,14.589723,14.3212,14.589723,40231
2023-02-10,5548,5548.TWO,上櫃,14.67923,14.858245,14.410708,14.858245,44228
2023-02-13,5548,5548.TWO,上櫃,14.858245,14.858245,14.858245,14.858245,3463
2023-02-14,5548,5548.TWO,上櫃,14.768738,14.813491,14.589723,14.67923,29394
2023-02-15,5548,5548.TWO,上櫃,14.813491,14.813491,14.813491,14.813491,14523
2023-02-16,5548,5548.TWO,上櫃,14.589723,14.768738,14.500215,14.768738,34021
2023-02-17,5548,5548.TWO,上櫃,14.500215,14.500215,14.3212,14.455461,4468
2023-02-20,5548,5548.TWO,上櫃,14.67923,14.768738,14.67923,14.768738,10056
2023-02-21,5548,5548.TWO,上櫃,14.276446,14.723984,14.276446,14.67923,17877
2023-02-22,5548,5548.TWO,上櫃,14.813491,14.813491,14.813491,14.813491,10055
2023-02-23,5548,5548.TWO,上櫃,14.813491,14.813491,14.3212,14.500215,15641
2023-02-24,5548,5548.TWO,上櫃,14.813491,14.813491,14.3212,14.365954,19006
2023-03-01,5548,5548.TWO,上櫃,14.813491,14.813491,14.813491,14.813491,1173
2023-03-02,5548,5548.TWO,上櫃,14.813491,14.813491,14.813491,14.813491,6703
2023-03-03,5548,5548.TWO,上櫃,14.813491,14.813491,14.813491,14.813491,0
2023-03-06,5548,5548.TWO,上櫃,14.3212,14.813491,14.3212,14.813491,34884
2023-03-07,5548,5548.TWO,上櫃,14.813491,14.813491,14.813491,14.813491,67
2023-03-08,5548,5548.TWO,上櫃,14.813491,14.813491,14.589723,14.813491,1120
2023-03-09,5548,5548.TWO,上櫃,14.813491,14.813491,14.455461,14.768738,5589
2023-03-10,5548,5548.TWO,上櫃,14.813491,14.813491,14.813491,14.813491,6703
2023-03-13,5548,5548.TWO,上櫃,14.813491,14.902999,14.768738,14.902999,112960
2023-03-14,5548,5548.TWO,上櫃,14.902999,14.902999,14.768738,14.858245,4472
2023-03-15,5548,5548.TWO,上櫃,14.858245,14.858245,14.858245,14.858245,56
2023-03-16,5548,5548.TWO,上櫃,14.858245,14.992507,14.723984,14.858245,54523
2023-03-17,5548,5548.TWO,上櫃,14.858245,14.947753,14.3212,14.947753,25812
2023-03-20,5548,5548.TWO,上櫃,14.67923,14.947753,14.67923,14.947753,10384
2023-03-21,5548,5548.TWO,上櫃,14.947753,14.992507,14.768738,14.992507,19073
2023-03-22,5548,5548.TWO,上櫃,14.67923,14.947753,14.3212,14.947753,22345
2023-03-23,5548,5548.TWO,上櫃,14.947753,14.947753,14.947753,14.947753,0
2023-03-24,5548,5548.TWO,上櫃,14.947753,14.947753,14.947753,14.947753,0
2023-03-27,5548,5548.TWO,上櫃,14.947753,14.947753,14.947753,14.947753,1117
2023-03-28,5548,5548.TWO,上櫃,14.947753,14.947753,14.858245,14.858245,2236
2023-03-29,5548,5548.TWO,上櫃,14.858245,14.858245,14.858245,14.858245,1228
2023-03-30,5548,5548.TWO,上櫃,14.858245,14.992507,14.500215,14.947753,29874
2023-03-31,5548,5548.TWO,上櫃,14.947753,14.947753,14.947753,14.947753,0
2023-04-06,5548,5548.TWO,上櫃,14.992507,14.992507,14.858245,14.947753,44856
2023-04-07,5548,5548.TWO,上櫃,14.544969,14.992507,14.544969,14.992507,2
2023-04-10,5548,5548.TWO,上櫃,14.544969,15.03726,14.544969,14.992507,45059
2023-04-11,5548,5548.TWO,上櫃,14.992507,15.03726,14.858245,15.03726,48107
2023-04-12,5548,5548.TWO,上櫃,15.082014,18.035763,15.03726,17.901501,332526
2023-04-13,5548,5548.TWO,上櫃,17.991009,18.080515,17.811993,17.901501,238414
2023-04-14,5548,5548.TWO,上櫃,17.767239,17.856747,16.82741,17.095934,93627
2023-04-17,5548,5548.TWO,上櫃,17.18544,17.18544,16.603642,17.006426,43633
2023-04-18,5548,5548.TWO,上櫃,17.095934,17.095934,16.245611,16.335119,29148
2023-04-19,5548,5548.TWO,上櫃,16.469379,16.469379,16.021843,16.021843,32622
2023-04-20,5548,5548.TWO,上櫃,15.932335,16.111349,15.932335,16.021843,5586
2023-04-21,5548,5548.TWO,上櫃,15.887582,16.469379,15.842828,16.111349,20022
2023-04-24,5548,5548.TWO,上櫃,16.469379,16.603642,16.111349,16.111349,12626
2023-04-25,5548,5548.TWO,上櫃,16.603642,16.603642,16.021843,16.558887,15978
2023-04-26,5548,5548.TWO,上櫃,16.156103,16.156103,16.021843,16.111349,15641
2023-04-27,5548,5548.TWO,上櫃,16.021843,16.200857,16.021843,16.200857,6829
2023-04-28,5548,5548.TWO,上櫃,16.245611,16.335119,16.200857,16.290365,20351
2023-05-02,5548,5548.TWO,上櫃,16.514133,16.514133,16.111349,16.200857,20445
2023-05-03,5548,5548.TWO,上櫃,16.111349,16.200857,16.111349,16.156103,10390
2023-05-04,5548,5548.TWO,上櫃,16.156103,16.156103,16.156103,16.156103,0
2023-05-05,5548,5548.TWO,上櫃,16.156103,16.156103,16.156103,16.156103,0
2023-05-08,5548,5548.TWO,上櫃,15.887582,16.021843,15.842828,15.932335,26813
2023-05-09,5548,5548.TWO,上櫃,15.932335,15.932335,15.932335,15.932335,0
2023-05-10,5548,5548.TWO,上櫃,15.932335,15.932335,15.932335,15.932335,1117
2023-05-11,5548,5548.TWO,上櫃,16.200857,16.290365,15.842828,15.977089,26869
2023-05-12,5548,5548.TWO,上櫃,15.977089,15.977089,15.977089,15.977089,0
2023-05-15,5548,5548.TWO,上櫃,15.842828,16.111349,15.529552,16.111349,83960
2023-05-16,5548,5548.TWO,上櫃,16.156103,16.156103,16.156103,16.156103,1
2023-05-17,5548,5548.TWO,上櫃,16.156103,16.245611,16.156103,16.245611,15641
2023-05-18,5548,5548.TWO,上櫃,16.245611,16.290365,16.200857,16.200857,11176
2023-05-19,5548,5548.TWO,上櫃,16.335119,16.335119,16.111349,16.290365,8973
2023-05-22,5548,5548.TWO,上櫃,16.335119,16.916918,16.245611,16.872164,32736
2023-05-23,5548,5548.TWO,上櫃,17.006426,17.006426,16.245611,16.245611,30346
2023-05-24,5548,5548.TWO,上櫃,16.961672,16.961672,16.961672,16.961672,3407
2023-05-25,5548,5548.TWO,上櫃,16.961672,18.170023,16.82741,17.319702,108593
2023-05-26,5548,5548.TWO,上櫃,17.901501,18.886084,17.632978,18.438545,163504
2023-05-29,5548,5548.TWO,上櫃,18.438545,19.602142,18.438545,19.020344,273882
2023-05-30,5548,5548.TWO,上櫃,19.065098,19.244114,17.901501,17.901501,116672
2023-05-31,5548,5548.TWO,上櫃,17.54347,18.080515,17.54347,17.722485,28413
2023-06-01,5548,5548.TWO,上櫃,17.677732,17.991009,17.588224,17.632978,46753
2023-06-02,5548,5548.TWO,上櫃,17.946255,17.991009,17.632978,17.632978,3372
2023-06-05,5548,5548.TWO,上櫃,17.677732,18.080515,17.677732,18.080515,9058
2023-06-06,5548,5548.TWO,上櫃,17.677732,18.259529,17.677732,18.080515,1169
2023-06-07,5548,5548.TWO,上櫃,18.349037,18.349037,18.349037,18.349037,56
2023-06-08,5548,5548.TWO,上櫃,17.677732,17.991009,17.677732,17.991009,7968
2023-06-09,5548,5548.TWO,上櫃,18.304283,18.796576,17.811993,18.259529,25721
2023-06-12,5548,5548.TWO,上櫃,17.856747,18.349037,17.811993,17.991009,4027
2023-06-13,5548,5548.TWO,上櫃,17.811993,18.259529,17.811993,17.811993,3474
2023-06-14,5548,5548.TWO,上櫃,18.259529,18.304283,17.811993,18.214777,17892
2023-06-15,5548,5548.TWO,上櫃,17.811993,18.349037,17.811993,18.349037,42541
2023-06-16,5548,5548.TWO,上櫃,18.349037,18.349037,17.54347,18.125269,24087
2023-06-19,5548,5548.TWO,上櫃,18.125269,18.349037,17.811993,17.946255,22881
2023-06-20,5548,5548.TWO,上櫃,18.259529,18.259529,18.125269,18.170023,5602
2023-06-21,5548,5548.TWO,上櫃,18.349037,18.349037,17.811993,18.170023,9039
2023-06-26,5548,5548.TWO,上櫃,17.946255,18.259529,17.946255,18.259529,16318
2023-06-27,5548,5548.TWO,上櫃,18.304283,18.349037,17.991009,18.259529,32416
2023-06-28,5548,5548.TWO,上櫃,18.125269,18.97559,18.125269,18.438545,53737
2023-06-29,5548,5548.TWO,上櫃,17.856747,18.97559,17.274948,18.393791,67092
2023-06-30,5548,5548.TWO,上櫃,18.259529,18.528053,18.259529,18.349037,12289
2023-07-03,5548,5548.TWO,上櫃,18.930838,18.930838,18.796576,18.796576,1122
2023-07-04,5548,5548.TWO,上櫃,18.886084,18.886084,18.080515,18.572807,31405
2023-07-05,5548,5548.TWO,上櫃,18.617559,18.707067,18.617559,18.707067,2234
2023-07-06,5548,5548.TWO,上櫃,18.707067,18.707067,17.588224,18.393791,43645
2023-07-07,5548,5548.TWO,上櫃,17.901501,18.349037,17.811993,17.811993,20110
2023-07-10,5548,5548.TWO,上櫃,18.259529,18.259529,17.991009,18.080515,11087
2023-07-11,5548,5548.TWO,上櫃,18.170023,18.170023,18.080515,18.170023,3463
2023-07-12,5548,5548.TWO,上櫃,17.901501,18.886084,17.901501,18.886084,113131
2023-07-13,5548,5548.TWO,上櫃,18.886084,19.960173,18.170023,18.97559,87963
2023-07-14,5548,5548.TWO,上櫃,18.97559,20.139189,18.617559,18.707067,66088
2023-07-17,5548,5548.TWO,上櫃,19.244114,20.631479,19.154606,19.512634,64872
2023-07-18,5548,5548.TWO,上櫃,19.423128,20.676233,19.423128,20.139189,90523
2023-07-19,5548,5548.TWO,上櫃,20.139189,20.676233,18.886084,19.646896,217376
2023-07-20,5548,5548.TWO,上櫃,19.512634,19.69165,17.453962,18.796576,154848
2023-07-21,5548,5548.TWO,上櫃,18.796576,18.84133,17.632978,18.84133,44761
2023-07-24,5548,5548.TWO,上櫃,19.154606,19.288868,18.97559,19.244114,40245
2023-07-25,5548,5548.TWO,上櫃,19.244114,19.33362,18.796576,19.33362,11192
2023-07-26,5548,5548.TWO,上櫃,19.33362,19.423128,18.796576,19.423128,31973
2023-07-27,5548,5548.TWO,上櫃,19.423128,19.423128,18.707067,19.020344,3355
2023-07-28,5548,5548.TWO,上櫃,19.020344,19.288868,18.528053,19.19936,8953
2023-07-31,5548,5548.TWO,上櫃,19.19936,19.378374,18.528053,19.378374,20143
2023-08-01,5548,5548.TWO,上櫃,18.796576,19.870665,18.796576,19.33362,60397
2023-08-02,5548,5548.TWO,上櫃,19.870665,19.870665,19.154606,19.781158,20126
2023-08-04,5548,5548.TWO,上櫃,19.154606,19.154606,17.901501,18.796576,117314
2023-08-07,5548,5548.TWO,上櫃,18.796576,19.154606,18.796576,19.154606,11176
2023-08-08,5548,5548.TWO,上櫃,18.617559,19.154606,18.617559,19.065098,6726
2023-08-09,5548,5548.TWO,上櫃,18.796576,19.19936,18.751822,18.84133,19006
2023-08-10,5548,5548.TWO,上櫃,19.154606,19.154606,18.393791,18.886084,23535
2023-08-11,5548,5548.TWO,上櫃,18.886084,18.886084,18.349037,18.84133,5588
2023-08-14,5548,5548.TWO,上櫃,18.751822,19.244114,18.751822,19.244114,31287
2023-08-15,5548,5548.TWO,上櫃,19.154606,19.33362,18.393791,19.19936,55320
2023-08-16,5548,5548.TWO,上櫃,19.19936,19.19936,19.19936,19.19936,1
2023-08-17,5548,5548.TWO,上櫃,19.19936,19.19936,19.19936,19.19936,1
2023-08-18,5548,5548.TWO,上櫃,19.19936,19.244114,18.97559,19.244114,10057
2023-08-21,5548,5548.TWO,上櫃,18.707067,19.288868,18.707067,19.288868,26827
2023-08-22,5548,5548.TWO,上櫃,19.288868,19.288868,19.288868,19.288868,0
2023-08-23,5548,5548.TWO,上櫃,18.84133,19.288868,18.84133,19.288868,1228
2023-08-24,5548,5548.TWO,上櫃,19.33362,19.33362,18.707067,18.796576,6704
2023-08-25,5548,5548.TWO,上櫃,18.707067,20.318203,18.707067,19.423128,115388
2023-08-28,5548,5548.TWO,上櫃,18.796576,18.796576,18.796576,18.796576,2245
2023-08-29,5548,5548.TWO,上櫃,20.228697,20.228697,19.960173,19.960173,16946
2023-08-30,5548,5548.TWO,上櫃,19.960173,22.466383,19.69165,20.810493,126457
2023-08-31,5548,5548.TWO,上櫃,21.571308,21.571308,20.810493,21.4818,14536
2023-09-01,5548,5548.TWO,上櫃,20.810493,20.855247,20.631479,20.855247,11619
2023-09-04,5548,5548.TWO,上櫃,20.855247,20.855247,20.497217,20.855247,20782
2023-09-05,5548,5548.TWO,上櫃,20.676233,20.676233,20.004927,20.139189,10056
2023-09-06,5548,5548.TWO,上櫃,20.049681,20.139189,20.049681,20.139189,3352
2023-09-07,5548,5548.TWO,上櫃,20.139189,20.139189,19.825912,19.825912,4468
2023-09-08,5548,5548.TWO,上櫃,19.825912,19.825912,19.825912,19.825912,0
2023-09-11,5548,5548.TWO,上櫃,19.69165,19.781158,19.602142,19.781158,4470
2023-09-12,5548,5548.TWO,上櫃,19.781158,19.781158,19.781158,19.781158,0
2023-09-13,5548,5548.TWO,上櫃,19.69165,19.960173,19.69165,19.69165,20112
2023-09-14,5548,5548.TWO,上櫃,19.870665,19.870665,19.154606,19.244114,16758
2023-09-15,5548,5548.TWO,上櫃,19.512634,19.602142,19.33362,19.467882,26707
2023-09-18,5548,5548.TWO,上櫃,19.602142,20.049681,19.557388,19.960173,15447
2023-09-19,5548,5548.TWO,上櫃,19.960173,19.960173,19.33362,19.69165,14640
2023-09-20,5548,5548.TWO,上櫃,19.69165,19.69165,18.796576,18.930838,25698
2023-09-21,5548,5548.TWO,上櫃,18.751822,19.244114,18.751822,18.751822,1125
2023-09-22,5548,5548.TWO,上櫃,19.154606,19.154606,19.154606,19.154606,1
2023-09-25,5548,5548.TWO,上櫃,19.154606,19.646896,19.154606,19.646896,5587
2023-09-26,5548,5548.TWO,上櫃,19.646896,19.781158,19.19936,19.646896,20121
2023-09-27,5548,5548.TWO,上櫃,19.781158,20.98951,19.602142,20.318203,74108
2023-09-28,5548,5548.TWO,上櫃,20.318203,20.497217,20.004927,20.318203,58112
2023-10-02,5548,5548.TWO,上櫃,20.228697,21.168524,20.139189,20.318203,48457
2023-10-03,5548,5548.TWO,上櫃,20.586725,21.660816,20.586725,20.944756,45831
2023-10-04,5548,5548.TWO,上櫃,20.944756,20.944756,20.049681,20.631479,28081
2023-10-05,5548,5548.TWO,上櫃,20.139189,20.586725,20.049681,20.586725,11175
2023-10-06,5548,5548.TWO,上櫃,20.004927,20.318203,20.004927,20.228697,1119
2023-10-11,5548,5548.TWO,上櫃,20.228697,20.228697,19.736404,19.736404,12292
2023-10-12,5548,5548.TWO,上櫃,20.228697,20.228697,19.602142,19.960173,1218
2023-10-13,5548,5548.TWO,上櫃,19.69165,20.228697,19.69165,20.139189,38105
2023-10-16,5548,5548.TWO,上櫃,20.049681,20.720987,20.049681,20.720987,52114
2023-10-17,5548,5548.TWO,上櫃,20.676233,20.900002,20.004927,20.228697,28348
2023-10-18,5548,5548.TWO,上櫃,20.228697,20.228697,19.960173,20.139189,11175
2023-10-19,5548,5548.TWO,上櫃,19.870665,19.960173,19.512634,19.960173,15085
2023-10-20,5548,5548.TWO,上櫃,19.960173,20.228697,19.288868,20.228697,33526
2023-10-23,5548,5548.TWO,上櫃,20.228697,20.228697,20.228697,20.228697,1129
2023-10-24,5548,5548.TWO,上櫃,20.273449,20.273449,18.707067,19.69165,24584
2023-10-25,5548,5548.TWO,上櫃,19.602142,19.781158,19.602142,19.69165,14537
2023-10-26,5548,5548.TWO,上櫃,20.139189,20.139189,19.870665,19.960173,6821
2023-10-27,5548,5548.TWO,上櫃,19.960173,20.183943,19.870665,20.183943,29332
2023-10-30,5548,5548.TWO,上櫃,19.960173,20.586725,19.960173,20.586725,45820
2023-10-31,5548,5548.TWO,上櫃,20.586725,21.4818,19.870665,20.407711,64377
2023-11-01,5548,5548.TWO,上櫃,20.497217,21.34754,20.094435,20.407711,38333
2023-11-02,5548,5548.TWO,上櫃,20.049681,22.600643,20.049681,22.466383,122228
2023-11-03,5548,5548.TWO,上櫃,22.466383,22.555891,20.810493,20.944756,123547
2023-11-06,5548,5548.TWO,上櫃,21.4818,22.690151,21.4818,21.705568,64202
2023-11-07,5548,5548.TWO,上櫃,22.287369,22.466383,21.571308,21.571308,11881
2023-11-08,5548,5548.TWO,上櫃,24.077518,25.062101,23.271952,24.167027,111903
2023-11-09,5548,5548.TWO,上櫃,25.151608,27.299788,25.151608,26.852251,107526
2023-11-10,5548,5548.TWO,上櫃,26.494221,28.28437,26.404713,27.478804,129107
2023-11-13,5548,5548.TWO,上櫃,27.747326,28.239616,27.210281,27.836832,32453
2023-11-14,5548,5548.TWO,上櫃,27.120773,27.255035,25.822914,25.957176,58037
2023-11-15,5548,5548.TWO,上櫃,25.77816,27.120773,25.77816,26.180944,33522
2023-11-16,5548,5548.TWO,上櫃,26.046682,27.120773,25.867668,26.986511,50281
2023-11-17,5548,5548.TWO,上櫃,28.28437,29.403215,27.568312,28.194862,30685
2023-11-20,5548,5548.TWO,上櫃,27.702572,27.747326,26.852251,27.613066,41554
2023-11-21,5548,5548.TWO,上櫃,27.613066,27.613066,26.762743,27.031265,7074
2023-11-22,5548,5548.TWO,上櫃,26.717991,27.210281,26.673237,26.717991,16943
2023-11-23,5548,5548.TWO,上櫃,26.941757,26.941757,26.673237,26.941757,3365
2023-11-24,5548,5548.TWO,上櫃,26.941757,27.92634,26.852251,27.92634,29899
2023-11-27,5548,5548.TWO,上櫃,27.92634,28.821417,27.747326,28.642401,56997
2023-11-28,5548,5548.TWO,上櫃,28.105356,29.224199,28.105356,28.642401,115562
2023-11-29,5548,5548.TWO,上櫃,29.089937,29.805998,28.821417,29.313707,107649
2023-11-30,5548,5548.TWO,上櫃,29.313707,29.671738,28.194862,29.671738,162539
2023-12-01,5548,5548.TWO,上櫃,29.671738,29.671738,28.552893,28.552893,39109
2023-12-04,5548,5548.TWO,上櫃,29.179445,29.671738,27.389296,27.568312,94511
2023-12-05,5548,5548.TWO,上櫃,27.836832,27.836832,27.389296,27.478804,19094
2023-12-06,5548,5548.TWO,上櫃,27.523558,27.523558,26.762743,27.299788,5650
2023-12-07,5548,5548.TWO,上櫃,27.389296,27.389296,26.717991,27.299788,15643
2023-12-08,5548,5548.TWO,上櫃,27.299788,27.836832,26.852251,27.747326,33517
2023-12-11,5548,5548.TWO,上櫃,27.389296,28.642401,27.344542,28.239616,44857
2023-12-12,5548,5548.TWO,上櫃,28.642401,28.642401,28.194862,28.642401,11174
2023-12-13,5548,5548.TWO,上櫃,28.642401,28.731909,27.613066,27.79208,40451
2023-12-14,5548,5548.TWO,上櫃,28.642401,28.642401,27.881586,28.642401,25
2023-12-15,5548,5548.TWO,上櫃,27.836832,28.642401,27.836832,28.642401,60333
2023-12-18,5548,5548.TWO,上櫃,28.642401,28.642401,28.015848,28.194862,42459
2023-12-19,5548,5548.TWO,上櫃,28.060602,28.776663,27.971094,28.687155,36322
2023-12-20,5548,5548.TWO,上櫃,27.971094,28.642401,27.747326,28.552893,26681
2023-12-21,5548,5548.TWO,上櫃,28.194862,28.194862,27.478804,27.747326,8092
2023-12-22,5548,5548.TWO,上櫃,27.523558,27.747326,27.43405,27.702572,8908
2023-12-25,5548,5548.TWO,上櫃,27.702572,27.836832,27.43405,27.568312,7152
2023-12-26,5548,5548.TWO,上櫃,27.747326,27.747326,27.657818,27.657818,10056
2023-12-27,5548,5548.TWO,上櫃,27.836832,27.836832,27.568312,27.568312,2571
2023-12-28,5548,5548.TWO,上櫃,27.836832,28.28437,27.613066,28.28437,43350
2023-12-29,5548,5548.TWO,上櫃,28.731909,28.731909,28.194862,28.194862,45025
2024-01-02,5548,5548.TWO,上櫃,28.060602,28.194862,27.568312,28.105356,43672
2024-01-03,5548,5548.TWO,上櫃,28.194862,28.239616,27.836832,28.239616,58105
2024-01-04,5548,5548.TWO,上櫃,28.194862,28.28437,27.389296,27.79208,42462
2024-01-05,5548,5548.TWO,上櫃,27.43405,27.836832,27.43405,27.836832,1657
2024-01-08,5548,5548.TWO,上櫃,27.836832,27.836832,27.389296,27.657818,13563
2024-01-09,5548,5548.TWO,上櫃,27.389296,27.478804,26.583729,27.478804,21333
2024-01-10,5548,5548.TWO,上櫃,27.478804,27.478804,27.478804,27.478804,1
2024-01-11,5548,5548.TWO,上櫃,27.478804,27.568312,27.299788,27.478804,12366
2024-01-12,5548,5548.TWO,上櫃,26.270452,27.299788,26.270452,27.299788,9016
2024-01-15,5548,5548.TWO,上櫃,27.299788,27.299788,27.299788,27.299788,0
2024-01-16,5548,5548.TWO,上櫃,26.941757,27.299788,26.583729,26.852251,25982
2024-01-17,5548,5548.TWO,上櫃,26.673237,26.941757,26.13619,26.315207,62008
2024-01-18,5548,5548.TWO,上櫃,25.867668,26.852251,25.867668,26.852251,26820
2024-01-19,5548,5548.TWO,上櫃,26.941757,27.120773,26.762743,26.852251,16759
2024-01-22,5548,5548.TWO,上櫃,25.912422,26.852251,25.509638,25.822914,33683
2024-01-23,5548,5548.TWO,上櫃,26.046682,26.762743,26.046682,26.762743,1118
2024-01-24,5548,5548.TWO,上櫃,26.762743,26.852251,25.688654,26.852251,7827
2024-01-25,5548,5548.TWO,上櫃,26.852251,26.852251,26.852251,26.852251,1
2024-01-26,5548,5548.TWO,上櫃,26.852251,26.941757,26.762743,26.762743,20110
2024-01-29,5548,5548.TWO,上櫃,26.941757,26.941757,25.957176,26.583729,32976
2024-01-30,5548,5548.TWO,上櫃,26.852251,26.852251,26.449467,26.673237,13406
2024-01-31,5548,5548.TWO,上櫃,25.957176,26.404713,25.912422,26.404713,8937
2024-02-01,5548,5548.TWO,上櫃,26.046682,26.673237,25.867668,26.315207,30949
2024-02-02,5548,5548.TWO,上櫃,26.673237,26.762743,25.867668,26.762743,22122
2024-02-05,5548,5548.TWO,上櫃,26.762743,26.762743,26.494221,26.583729,11221
2024-02-15,5548,5548.TWO,上櫃,26.673237,26.673237,25.957176,26.583729,38031
2024-02-16,5548,5548.TWO,上櫃,26.673237,27.389296,26.583729,27.389296,70966
2024-02-19,5548,5548.TWO,上櫃,27.389296,31.059105,26.852251,31.014351,250205
2024-02-20,5548,5548.TWO,上櫃,31.103857,37.190369,30.835335,36.698074,527090
2024-02-21,5548,5548.TWO,上櫃,35.758247,39.517563,35.444969,35.982018,842471
2024-02-22,5548,5548.TWO,上櫃,36.3848,37.145615,33.341545,35.803001,346882
2024-02-23,5548,5548.TWO,上櫃,36.340046,36.429554,34.326126,35.623985,160694
2024-02-26,5548,5548.TWO,上櫃,35.668739,36.026772,35.489723,35.623985,113521
2024-02-27,5548,5548.TWO,上櫃,35.265957,35.489723,34.639404,34.81842,78731
2024-02-29,5548,5548.TWO,上櫃,34.81842,35.042187,34.147114,34.907925,29777
2024-03-01,5548,5548.TWO,上櫃,34.773666,36.742828,34.773666,35.534477,99266
2024-03-04,5548,5548.TWO,上櫃,36.698074,36.698074,35.355465,35.579231,47610
2024-03-05,5548,5548.TWO,上櫃,35.579231,35.937263,35.355465,35.668739,62026
2024-03-06,5548,5548.TWO,上櫃,35.668739,38.130196,35.534477,37.772167,403222
2024-03-07,5548,5548.TWO,上櫃,38.219704,38.219704,37.190369,37.593151,216120
2024-03-08,5548,5548.TWO,上櫃,37.503643,37.637905,34.460388,34.684158,294072
2024-03-11,5548,5548.TWO,上櫃,34.639404,35.892509,34.460388,34.997433,154188
2024-03-12,5548,5548.TWO,上櫃,35.892509,35.937263,34.773666,34.907925,77279
2024-03-13,5548,5548.TWO,上櫃,35.803001,35.803001,34.326126,34.59465,92299
2024-03-14,5548,5548.TWO,上櫃,34.326126,34.326126,33.162529,33.565315,74073
2024-03-15,5548,5548.TWO,上櫃,33.565315,33.565315,31.640902,32.58073,131229
2024-03-18,5548,5548.TWO,上櫃,32.58073,32.58073,32.58073,32.58073,0
2024-03-19,5548,5548.TWO,上櫃,28.329124,28.418633,27.836832,27.92634,416724
2024-03-20,5548,5548.TWO,上櫃,28.28437,29.089937,28.015848,28.955677,229031
2024-03-21,5548,5548.TWO,上櫃,28.955677,29.358461,28.642401,28.821417,180990
2024-03-22,5548,5548.TWO,上櫃,28.821417,28.910923,28.687155,28.731909,129598
2024-03-25,5548,5548.TWO,上櫃,28.687155,28.731909,28.597647,28.687155,51392
2024-03-26,5548,5548.TWO,上櫃,28.687155,28.687155,28.687155,28.687155,0
2024-03-27,5548,5548.TWO,上櫃,28.329124,28.418633,28.329124,28.373878,75971
2024-03-28,5548,5548.TWO,上櫃,28.373878,29.447968,28.373878,29.000431,184342
2024-03-29,5548,5548.TWO,上櫃,29.179445,29.179445,28.866171,29.000431,79322
2024-04-01,5548,5548.TWO,上櫃,28.955677,28.955677,28.821417,28.821417,67033
2024-04-02,5548,5548.TWO,上櫃,28.821417,28.910923,28.731909,28.821417,53626
2024-04-03,5548,5548.TWO,上櫃,28.821417,28.866171,28.731909,28.821417,80440
2024-04-08,5548,5548.TWO,上櫃,28.776663,29.358461,28.776663,29.224199,61447
2024-04-09,5548,5548.TWO,上櫃,29.537476,32.133194,29.268953,32.133194,350808
2024-04-10,5548,5548.TWO,上櫃,33.117775,35.310711,32.714993,33.162529,547440
2024-04-11,5548,5548.TWO,上櫃,33.117775,33.117775,31.327625,32.31221,320643
2024-04-12,5548,5548.TWO,上櫃,32.31221,33.117775,32.08844,32.894009,260313
2024-04-15,5548,5548.TWO,上櫃,32.894009,33.654819,32.849255,33.654819,275954
2024-04-16,5548,5548.TWO,上櫃,33.654819,33.654819,32.670238,33.341545,148590
2024-04-17,5548,5548.TWO,上櫃,33.431053,34.057606,32.938763,33.833836,156411
2024-04-18,5548,5548.TWO,上櫃,33.968098,36.519062,33.744328,35.803001,369801
2024-04-19,5548,5548.TWO,上櫃,36.026772,37.593151,35.847755,37.011353,494930
2024-04-22,5548,5548.TWO,上櫃,37.593151,38.846256,35.131695,35.221203,389911
2024-04-23,5548,5548.TWO,上櫃,35.221203,35.221203,32.938763,34.460388,264782
2024-04-24,5548,5548.TWO,上櫃,34.639404,35.355465,34.460388,35.086941,90495
2024-04-25,5548,5548.TWO,上櫃,34.907925,35.803001,34.460388,35.310711,82674
2024-04-26,5548,5548.TWO,上櫃,35.310711,36.563816,35.310711,35.803001,94964
2024-04-29,5548,5548.TWO,上櫃,35.892509,36.698074,35.355465,35.713493,136301
2024-04-30,5548,5548.TWO,上櫃,35.713493,35.713493,35.086941,35.400219,108370
2024-05-02,5548,5548.TWO,上櫃,34.773666,36.519062,34.684158,36.474308,94964
2024-05-03,5548,5548.TWO,上櫃,36.429554,36.429554,35.758247,35.803001,127363
2024-05-06,5548,5548.TWO,上櫃,36.966599,37.011353,35.892509,36.87709,222327
2024-05-07,5548,5548.TWO,上櫃,36.787582,36.966599,35.355465,36.429554,175404
2024-05-08,5548,5548.TWO,上櫃,36.429554,36.429554,35.355465,35.400219,135184
2024-05-09,5548,5548.TWO,上櫃,34.907925,35.355465,34.639404,34.728912,130715
2024-05-10,5548,5548.TWO,上櫃,34.460388,34.952679,34.460388,34.907925,59212
2024-05-13,5548,5548.TWO,上櫃,31.417133,34.460388,31.417133,34.639404,120660
2024-05-14,5548,5548.TWO,上櫃,34.281376,35.265957,34.281376,34.460388,46923
2024-05-15,5548,5548.TWO,上櫃,34.549896,34.549896,32.670238,34.236622,90495
2024-05-16,5548,5548.TWO,上櫃,34.012852,34.37088,34.012852,34.236622,26813
2024-05-17,5548,5548.TWO,上櫃,34.59465,34.728912,34.012852,34.281376,52509
2024-05-20,5548,5548.TWO,上櫃,34.281376,34.281376,33.744328,33.833836,33516
2024-05-21,5548,5548.TWO,上櫃,34.639404,34.639404,33.968098,33.968098,32399
2024-05-22,5548,5548.TWO,上櫃,34.10236,34.10236,34.012852,34.012852,27930
2024-05-23,5548,5548.TWO,上櫃,34.012852,34.012852,33.833836,33.833836,52509
2024-05-24,5548,5548.TWO,上櫃,33.833836,34.012852,33.699574,33.833836,17875
2024-05-27,5548,5548.TWO,上櫃,33.833836,33.833836,32.938763,33.654819,52509
2024-05-28,5548,5548.TWO,上櫃,33.654819,33.699574,33.654819,33.654819,18992
2024-05-29,5548,5548.TWO,上櫃,33.744328,33.833836,33.654819,33.833836,22344
2024-05-30,5548,5548.TWO,上櫃,34.012852,34.012852,33.386299,33.699574,15641
2024-05-31,5548,5548.TWO,上櫃,33.699574,33.699574,33.207283,33.252037,22344
2024-06-03,5548,5548.TWO,上櫃,33.565315,33.565315,32.849255,33.073021,67033
2024-06-04,5548,5548.TWO,上櫃,32.938763,33.073021,32.849255,33.073021,26813
2024-06-05,5548,5548.TWO,上櫃,32.938763,33.117775,32.670238,32.938763,21227
2024-06-06,5548,5548.TWO,上櫃,32.759747,32.804501,32.401714,32.670238,63681
2024-06-07,5548,5548.TWO,上櫃,32.759747,33.162529,32.759747,33.117775,18992
2024-06-11,5548,5548.TWO,上櫃,32.938763,33.117775,32.938763,33.117775,6703
2024-06-12,5548,5548.TWO,上櫃,33.117775,33.296791,33.028271,33.028271,30165
2024-06-13,5548,5548.TWO,上櫃,33.028271,33.117775,32.983517,33.028271,20110
2024-06-14,5548,5548.TWO,上櫃,32.938763,33.296791,32.938763,33.028271,4468
2024-06-17,5548,5548.TWO,上櫃,32.938763,33.117775,32.938763,33.117775,11172
2024-06-18,5548,5548.TWO,上櫃,33.117775,33.341545,33.028271,33.341545,10055
2024-06-19,5548,5548.TWO,上櫃,33.028271,33.296791,33.028271,33.028271,21227
2024-06-20,5548,5548.TWO,上櫃,33.028271,33.028271,32.938763,32.938763,37985
2024-06-21,5548,5548.TWO,上櫃,32.759747,32.938763,32.31221,32.938763,17875
2024-06-24,5548,5548.TWO,上櫃,32.670238,32.714993,32.670238,32.670238,24578
2024-06-25,5548,5548.TWO,上櫃,32.670238,32.714993,32.670238,32.714993,5586
2024-06-26,5548,5548.TWO,上櫃,32.938763,32.938763,32.849255,32.849255,15641
2024-06-27,5548,5548.TWO,上櫃,33.386299,33.386299,32.759747,32.759747,5586
2024-06-28,5548,5548.TWO,上櫃,32.849255,32.849255,32.670238,32.670238,23461
2024-07-01,5548,5548.TWO,上櫃,32.670238,32.670238,31.775164,32.267456,23461
2024-07-02,5548,5548.TWO,上櫃,32.222702,32.222702,31.506641,31.506641,32399
2024-07-03,5548,5548.TWO,上櫃,31.551395,32.08844,31.551395,31.775164,23461
2024-07-04,5548,5548.TWO,上櫃,31.775164,31.998932,31.775164,31.775164,14523
2024-07-05,5548,5548.TWO,上櫃,31.775164,31.775164,31.506641,31.640902,25696
2024-07-08,5548,5548.TWO,上櫃,31.685656,31.775164,31.372379,31.372379,27930
2024-07-09,5548,5548.TWO,上櫃,31.372379,31.372379,30.880089,31.059105,56978
2024-07-10,5548,5548.TWO,上櫃,31.193365,31.551395,31.103857,31.506641,30165
2024-07-11,5548,5548.TWO,上櫃,34.639404,34.639404,32.759747,33.431053,88260
2024-07-12,5548,5548.TWO,上櫃,33.341545,33.341545,31.417133,32.401714,34633
2024-07-15,5548,5548.TWO,上櫃,31.775164,31.909426,31.551395,31.551395,31282
2024-07-16,5548,5548.TWO,上櫃,31.596149,31.640902,31.596149,31.596149,13406
2024-07-17,5548,5548.TWO,上櫃,32.222702,32.222702,31.640902,31.95418,26813
2024-07-18,5548,5548.TWO,上櫃,31.640902,31.73041,31.640902,31.640902,15641
2024-07-19,5548,5548.TWO,上櫃,30.924843,33.028271,30.924843,31.461887,8937
2024-07-22,5548,5548.TWO,上櫃,31.282871,31.417133,31.238119,31.238119,25696
2024-07-23,5548,5548.TWO,上櫃,32.222702,32.222702,31.461887,31.461887,6703
2024-07-26,5548,5548.TWO,上櫃,30.790581,31.103857,30.790581,31.103857,20110
2024-07-29,5548,5548.TWO,上櫃,31.327625,31.372379,31.238119,31.238119,24578
2024-07-30,5548,5548.TWO,上櫃,31.327625,31.327625,31.148611,31.148611,14523
2024-07-31,5548,5548.TWO,上櫃,31.148611,31.282871,30.790581,31.282871,13406
2024-08-01,5548,5548.TWO,上櫃,31.282871,31.282871,30.880089,31.238119,18992
2024-08-02,5548,5548.TWO,上櫃,31.238119,31.238119,30.701075,30.745827,22344
2024-08-05,5548,5548.TWO,上櫃,30.07452,30.07452,28.239616,28.329124,73736
2024-08-06,5548,5548.TWO,上櫃,28.329124,29.134691,28.329124,29.134691,36868
2024-08-07,5548,5548.TWO,上櫃,29.537476,31.327625,29.447968,31.103857,62564
2024-08-08,5548,5548.TWO,上櫃,31.103857,31.103857,30.880089,30.924843,22344
2024-08-09,5548,5548.TWO,上櫃,31.461887,32.222702,31.148611,32.222702,99433
2024-08-12,5548,5548.TWO,上櫃,33.117775,34.012852,32.670238,33.565315,121777
2024-08-13,5548,5548.TWO,上櫃,33.520561,33.565315,33.117775,33.565315,32399
2024-08-14,5548,5548.TWO,上櫃,33.475807,33.565315,32.983517,33.117775,74854
2024-08-15,5548,5548.TWO,上櫃,33.475807,33.475807,32.938763,33.073021,4468
2024-08-16,5548,5548.TWO,上櫃,32.938763,32.983517,32.938763,32.983517,3351
2024-08-19,5548,5548.TWO,上櫃,33.073021,33.117775,32.983517,32.983517,22344
2024-08-20,5548,5548.TWO,上櫃,32.983517,32.983517,32.983517,32.983517,3351
2024-08-21,5548,5548.TWO,上櫃,33.073021,33.117775,32.938763,32.938763,18992
2024-08-22,5548,5548.TWO,上櫃,33.028271,33.028271,32.938763,32.938763,3351
2024-08-23,5548,5548.TWO,上櫃,32.938763,33.117775,32.670238,32.849255,17875
2024-08-26,5548,5548.TWO,上櫃,32.535976,33.028271,32.491222,33.028271,12289
2024-08-27,5548,5548.TWO,上櫃,32.670238,32.938763,32.58073,32.938763,13406
2024-08-28,5548,5548.TWO,上櫃,33.117775,33.296791,32.983517,33.296791,63681
2024-08-29,5548,5548.TWO,上櫃,33.565315,36.60857,33.565315,36.16103,588777
2024-08-30,5548,5548.TWO,上櫃,36.11628,36.11628,34.191868,35.355465,547440
2024-09-02,5548,5548.TWO,上櫃,34.312702,34.312702,33.165886,33.44112,108997
2024-09-03,5548,5548.TWO,上櫃,33.395248,33.808102,32.110817,33.395248,98097
2024-09-04,5548,5548.TWO,上櫃,32.661289,32.661289,31.927326,32.064945,52318
2024-09-05,5548,5548.TWO,上櫃,32.661289,32.936523,31.65209,32.064945,37059
2024-09-06,5548,5548.TWO,上櫃,31.927326,31.927326,31.560347,31.560347,22889
2024-09-09,5548,5548.TWO,上櫃,31.560347,31.789709,31.468599,31.789709,38149
2024-09-10,5548,5548.TWO,上櫃,31.697964,32.019073,31.65209,32.019073,19619
2024-09-11,5548,5548.TWO,上櫃,31.606218,32.431927,31.560347,32.431927,11989
2024-09-12,5548,5548.TWO,上櫃,33.716358,33.716358,32.110817,32.661289,19619
2024-09-13,5548,5548.TWO,上櫃,32.386051,32.386051,32.110817,32.156689,15259
2024-09-16,5548,5548.TWO,上櫃,32.110817,32.431927,32.110817,32.20256,10899
2024-09-18,5548,5548.TWO,上櫃,32.110817,32.294308,32.110817,32.110817,10899
2024-09-19,5548,5548.TWO,上櫃,31.376856,32.615414,31.376856,32.248436,5449
2024-09-20,5548,5548.TWO,上櫃,32.110817,32.110817,32.064945,32.064945,26159
2024-09-23,5548,5548.TWO,上櫃,31.789709,31.835581,31.789709,31.789709,29429
2024-09-24,5548,5548.TWO,上櫃,31.65209,31.65209,31.560347,31.560347,18529
2024-09-25,5548,5548.TWO,上櫃,32.294308,32.294308,31.606218,32.019073,5449
2024-09-26,5548,5548.TWO,上櫃,32.110817,32.110817,32.064945,32.110817,25069
2024-09-27,5548,5548.TWO,上櫃,32.110817,32.110817,31.881454,31.927326,6539
2024-09-30,5548,5548.TWO,上櫃,32.019073,32.064945,31.65209,31.743835,8719
2024-10-01,5548,5548.TWO,上櫃,31.65209,32.019073,31.468599,32.019073,11989
2024-10-04,5548,5548.TWO,上櫃,29.954805,32.477798,29.954805,31.193365,9809
2024-10-07,5548,5548.TWO,上櫃,31.193365,31.193365,31.193365,31.193365,10899
2024-10-08,5548,5548.TWO,上櫃,31.193365,31.28511,31.193365,31.193365,5449
2024-10-09,5548,5548.TWO,上櫃,31.193365,31.193365,30.734638,30.734638,34879
2024-10-11,5548,5548.TWO,上櫃,30.734638,31.147491,30.41353,31.10162,18529
2024-10-14,5548,5548.TWO,上櫃,31.10162,31.193365,30.826384,31.10162,11989
2024-10-15,5548,5548.TWO,上櫃,30.872257,31.147491,30.734638,31.10162,17439
2024-10-16,5548,5548.TWO,上櫃,30.872257,30.872257,30.459402,30.780512,17439
2024-10-17,5548,5548.TWO,上櫃,30.780512,30.780512,30.321785,30.688766,17439
2024-10-18,5548,5548.TWO,上櫃,30.780512,31.10162,30.41353,30.872257,23979
2024-10-21,5548,5548.TWO,上櫃,31.193365,31.193365,30.321785,30.688766,21799
2024-10-22,5548,5548.TWO,上櫃,30.367659,30.688766,30.367659,30.688766,37059
2024-10-23,5548,5548.TWO,上櫃,30.964003,31.009874,30.918129,30.642895,6539
2024-10-24,5548,5548.TWO,上櫃,30.597021,30.780512,30.597021,30.780512,4359
2024-10-25,5548,5548.TWO,上櫃,30.734638,30.734638,30.597021,30.642895,21799
2024-10-28,5548,5548.TWO,上櫃,30.734638,30.734638,30.275913,30.459402,45778
2024-10-29,5548,5548.TWO,上櫃,31.10162,33.486996,31.10162,33.486996,476319
2024-10-30,5548,5548.TWO,上櫃,33.578739,33.670486,31.376856,31.376856,315002
2024-11-01,5548,5548.TWO,上櫃,31.376856,32.798904,31.376856,32.019073,123167
2024-11-04,5548,5548.TWO,上櫃,32.844776,34.312702,32.844776,33.303505,318272
2024-11-05,5548,5548.TWO,上櫃,33.670486,33.670486,32.798904,32.798904,64308
2024-11-06,5548,5548.TWO,上櫃,33.532867,34.312702,33.211758,33.44112,182025
2024-11-07,5548,5548.TWO,上櫃,32.982395,33.716358,32.982395,33.165886,57768
2024-11-08,5548,5548.TWO,上櫃,33.395248,33.395248,32.844776,32.890652,49048
2024-11-11,5548,5548.TWO,上櫃,32.844776,33.211758,32.569542,32.890652,99187
2024-11-12,5548,5548.TWO,上櫃,32.890652,32.890652,32.52367,32.52367,64308
2024-11-13,5548,5548.TWO,上櫃,32.569542,32.661289,32.386051,32.477798,50138
2024-11-14,5548,5548.TWO,上櫃,32.569542,32.707161,32.477798,32.477798,78478
2024-11-15,5548,5548.TWO,上櫃,32.682644,33.024105,31.902163,32.341183,179376
2024-11-18,5548,5548.TWO,上櫃,32.487522,32.487522,32.194843,32.243622,19475
2024-11-19,5548,5548.TWO,上櫃,32.243622,32.438744,32.048504,32.048504,50225
2024-11-20,5548,5548.TWO,上櫃,32.048504,32.048504,31.755821,31.902163,71391
2024-11-21,5548,5548.TWO,上櫃,31.902163,31.902163,31.560701,31.804602,12300
2024-11-22,5548,5548.TWO,上櫃,32.487522,32.487522,31.707043,31.804602,14350
2024-11-25,5548,5548.TWO,上櫃,31.853382,31.853382,31.511923,31.511923,9225
2024-11-26,5548,5548.TWO,上櫃,31.511923,32.243622,31.268023,31.268023,10250
2024-11-27,5548,5548.TWO,上櫃,31.268023,31.560701,31.268023,31.268023,16400
2024-11-28,5548,5548.TWO,上櫃,31.219242,31.219242,30.0973,30.243641,74825
2024-11-29,5548,5548.TWO,上櫃,31.219242,31.707043,30.487541,31.707043,32800
2024-12-02,5548,5548.TWO,上櫃,31.707043,31.707043,31.121681,31.707043,24600
2024-12-03,5548,5548.TWO,上櫃,31.414362,31.804602,31.219242,31.707043,71750
2024-12-04,5548,5548.TWO,上櫃,31.511923,31.707043,31.268023,31.658262,23575
2024-12-05,5548,5548.TWO,上櫃,31.560701,31.560701,31.072901,31.219242,39975
2024-12-06,5548,5548.TWO,上櫃,31.02412,31.170462,29.365599,29.95096,93275
2024-12-09,5548,5548.TWO,上櫃,29.95096,30.38998,29.26804,30.243641,82000
2024-12-10,5548,5548.TWO,上櫃,30.38998,30.38998,29.90218,29.95096,17425
2024-12-11,5548,5548.TWO,上櫃,29.75584,29.90218,29.316818,29.609499,38950
2024-12-12,5548,5548.TWO,上櫃,29.560719,29.609499,29.46316,29.511938,18450
2024-12-13,5548,5548.TWO,上櫃,29.316818,29.70706,29.07292,29.07292,50225
2024-12-16,5548,5548.TWO,上櫃,26.829037,27.463177,26.194895,26.292456,883557
2024-12-17,5548,5548.TWO,上櫃,26.341234,26.536354,26.146114,26.292456,176301
2024-12-18,5548,5548.TWO,上櫃,26.341234,26.341234,26.048555,26.146114,377203
2024-12-19,5548,5548.TWO,上櫃,26.097336,26.097336,25.755875,25.999775,90200
2024-12-20,5548,5548.TWO,上櫃,25.999775,26.633915,25.999775,26.487576,84050
2024-12-23,5548,5548.TWO,上櫃,26.877815,27.170496,26.731476,26.731476,386428
2024-12-24,5548,5548.TWO,上櫃,26.975376,27.024157,26.682695,26.682695,46125
2024-12-25,5548,5548.TWO,上櫃,26.633915,27.024157,26.633915,26.682695,91225
2024-12-26,5548,5548.TWO,上櫃,26.731476,26.926596,26.731476,26.731476,39975
2024-12-27,5548,5548.TWO,上櫃,26.682695,26.682695,26.487576,26.536354,33825
2024-12-30,5548,5548.TWO,上櫃,26.536354,26.633915,26.438795,26.487576,47150
2024-12-31,5548,5548.TWO,上櫃,26.438795,26.438795,26.194895,26.194895,32800
2025-01-02,5548,5548.TWO,上櫃,26.194895,27.316835,26.146114,26.390015,110700
2025-01-03,5548,5548.TWO,上櫃,26.243675,26.633915,26.097336,26.292456,15375
2025-01-06,5548,5548.TWO,上櫃,26.292456,26.390015,26.243675,26.243675,37925
2025-01-07,5548,5548.TWO,上櫃,26.341234,26.438795,26.243675,26.243675,27675
2025-01-08,5548,5548.TWO,上櫃,26.146114,26.146114,25.755875,26.097336,54325
2025-01-09,5548,5548.TWO,上櫃,25.950994,25.999775,25.950994,25.950994,23575
2025-01-10,5548,5548.TWO,上櫃,25.950994,26.097336,25.950994,25.950994,7175
2025-01-13,5548,5548.TWO,上櫃,25.950994,25.950994,25.560755,25.658314,78925
2025-01-14,5548,5548.TWO,上櫃,26.146114,26.146114,25.853434,25.853434,5125
2025-01-15,5548,5548.TWO,上櫃,26.438795,26.536354,25.999775,25.999775,18450
2025-01-16,5548,5548.TWO,上櫃,25.999775,26.341234,25.999775,26.194895,23575
2025-01-17,5548,5548.TWO,上櫃,26.097336,26.438795,26.097336,26.292456,33825
2025-01-20,5548,5548.TWO,上櫃,26.292456,26.829037,26.292456,26.585135,52275
2025-01-21,5548,5548.TWO,上櫃,26.682695,26.731476,26.536354,26.585135,21525
2025-01-22,5548,5548.TWO,上櫃,26.633915,26.829037,26.585135,26.585135,74825
2025-02-03,5548,5548.TWO,上櫃,26.585135,26.585135,26.341234,26.390015,17425
2025-02-04,5548,5548.TWO,上櫃,26.682695,26.682695,26.390015,26.438795,19593
2025-02-05,5548,5548.TWO,上櫃,26.390015,26.536354,26.390015,26.536354,9277
2025-02-06,5548,5548.TWO,上櫃,26.633915,28.975359,26.487576,27.658297,230626
2025-02-07,5548,5548.TWO,上櫃,27.707077,28.292439,27.707077,27.853416,69853
2025-02-10,5548,5548.TWO,上櫃,27.804638,29.07292,27.560738,28.780237,138601
2025-02-11,5548,5548.TWO,上櫃,28.438778,28.487558,28.097317,28.341219,84460
2025-02-12,5548,5548.TWO,上櫃,28.341219,28.341219,28.048536,28.097317,50225
2025-02-13,5548,5548.TWO,上櫃,28.487558,28.780237,28.292439,28.536339,91441
2025-02-14,5548,5548.TWO,上櫃,28.536339,28.633898,28.438778,28.536339,127101
2025-02-17,5548,5548.TWO,上櫃,28.633898,29.26804,28.536339,28.633898,95530
2025-02-18,5548,5548.TWO,上櫃,28.780237,28.780237,28.438778,28.438778,45775
2025-02-19,5548,5548.TWO,上櫃,28.487558,28.487558,28.243658,28.341219,22575
2025-02-20,5548,5548.TWO,上櫃,28.048536,29.121698,28.048536,28.926579,82041
2025-02-21,5548,5548.TWO,上櫃,29.316818,29.316818,28.536339,28.926579,38950
2025-02-24,5548,5548.TWO,上櫃,28.682678,28.877798,28.536339,28.585117,40045
2025-02-25,5548,5548.TWO,上櫃,28.389997,28.487558,28.097317,28.194878,19475
2025-02-26,5548,5548.TWO,上櫃,28.877798,28.877798,28.194878,28.194878,16437
2025-02-27,5548,5548.TWO,上櫃,28.194878,28.194878,28.048536,28.048536,16707
2025-03-03,5548,5548.TWO,上櫃,27.902197,28.146097,27.902197,28.097317,22552
2025-03-04,5548,5548.TWO,上櫃,28.097317,28.097317,27.950977,27.950977,24973
2025-03-05,5548,5548.TWO,上櫃,27.902197,28.438778,27.853416,28.146097,59501
2025-03-06,5548,5548.TWO,上櫃,28.194878,28.389997,28.146097,28.243658,27740
2025-03-07,5548,5548.TWO,上櫃,29.024139,29.024139,28.146097,28.243658,138401
2025-03-10,5548,5548.TWO,上櫃,28.194878,28.194878,27.316835,27.316835,256253
2025-03-11,5548,5548.TWO,上櫃,27.268057,27.268057,26.829037,27.024157,88253
2025-03-12,5548,5548.TWO,上櫃,27.268057,27.316835,27.024157,27.316835,61701
2025-03-13,5548,5548.TWO,上櫃,27.316835,27.316835,27.072935,27.072935,48175
2025-03-14,5548,5548.TWO,上櫃,27.072935,27.316835,26.780256,26.926596,48175
2025-03-17,5548,5548.TWO,上櫃,26.877815,27.170496,26.829037,27.170496,106600
2025-03-18,5548,5548.TWO,上櫃,27.560738,27.560738,26.829037,27.072935,68675
2025-03-19,5548,5548.TWO,上櫃,27.268057,27.268057,27.024157,27.121716,36900
2025-03-20,5548,5548.TWO,上櫃,27.316835,27.316835,27.024157,27.072935,63550
2025-03-21,5548,5548.TWO,上櫃,27.268057,27.609516,26.829037,27.560738,192701
2025-03-24,5548,5548.TWO,上櫃,27.560738,27.609516,27.511957,27.560738,53300
2025-03-25,5548,5548.TWO,上櫃,27.511957,27.560738,27.365616,27.365616,38950
2025-03-26,5548,5548.TWO,上櫃,27.268057,27.414396,27.268057,27.316835,20500
2025-03-27,5548,5548.TWO,上櫃,27.268057,27.268057,27.072935,27.121716,19475
2025-03-28,5548,5548.TWO,上櫃,27.024157,27.072935,26.829037,26.975376,25627
2025-03-31,5548,5548.TWO,上櫃,26.731476,26.975376,26.536354,26.536354,64575
2025-04-01,5548,5548.TWO,上櫃,26.975376,26.975376,26.536354,26.633915,33916
2025-04-02,5548,5548.TWO,上櫃,26.633915,26.682695,26.633915,26.682695,17425
2025-04-07,5548,5548.TWO,上櫃,24.048573,24.877832,24.048573,24.048573,252156
2025-04-08,5548,5548.TWO,上櫃,23.804672,24.390032,23.804672,24.048573,89585
2025-04-09,5548,5548.TWO,上櫃,24.048573,24.194912,21.804689,22.29249,171694
2025-04-10,5548,5548.TWO,上櫃,24.438812,24.487593,24.292473,24.487593,75850
2025-04-11,5548,5548.TWO,上櫃,25.365635,25.365635,24.097351,24.536373,32800
2025-04-14,5548,5548.TWO,上櫃,24.682713,24.731493,24.536373,24.731493,11480
2025-04-15,5548,5548.TWO,上櫃,25.170513,27.170496,25.072952,26.829037,225501
2025-04-16,5548,5548.TWO,上櫃,27.268057,27.804638,26.292456,27.170496,72779
2025-04-17,5548,5548.TWO,上櫃,27.121716,27.121716,26.243675,26.243675,175276
2025-04-18,5548,5548.TWO,上櫃,26.243675,26.243675,26.048555,26.097336,9430
2025-04-21,5548,5548.TWO,上櫃,25.560755,26.243675,25.365635,25.414413,19680
2025-04-22,5548,5548.TWO,上櫃,25.170513,25.170513,24.926613,25.121733,7175
2025-04-23,5548,5548.TWO,上櫃,25.560755,26.048555,25.511974,25.560755,11275
2025-04-24,5548,5548.TWO,上櫃,25.365635,25.755875,25.316854,25.707094,5125
2025-04-25,5548,5548.TWO,上櫃,26.292456,26.292456,25.365635,25.560755,39104
2025-04-28,5548,5548.TWO,上櫃,25.560755,25.755875,25.560755,25.707094,19475
2025-04-29,5548,5548.TWO,上櫃,26.438795,26.438795,26.438795,26.438795,1588
2025-04-30,5548,5548.TWO,上櫃,26.341234,26.341234,26.097336,26.097336,9225
2025-05-02,5548,5548.TWO,上櫃,25.707094,26.633915,25.707094,26.536354,30196
2025-05-05,5548,5548.TWO,上櫃,26.341234,26.536354,25.463194,26.536354,59450
2025-05-06,5548,5548.TWO,上櫃,26.048555,26.390015,26.048555,26.341234,12611
2025-05-07,5548,5548.TWO,上櫃,26.341234,26.438795,26.292456,26.292456,5125
2025-05-08,5548,5548.TWO,上櫃,26.146114,26.829037,25.902214,26.731476,50225
2025-05-09,5548,5548.TWO,上櫃,26.780256,26.780256,26.341234,26.536354,33825
2025-05-12,5548,5548.TWO,上櫃,26.682695,26.682695,26.487576,26.536354,49200
2025-05-13,5548,5548.TWO,上櫃,26.926596,26.926596,26.390015,26.438795,10250
2025-05-14,5548,5548.TWO,上櫃,26.390015,26.585135,26.341234,26.438795,16400
2025-05-15,5548,5548.TWO,上櫃,26.341234,26.438795,26.292456,26.341234,27034
2025-05-16,5548,5548.TWO,上櫃,26.390015,26.390015,26.341234,26.341234,16400
2025-05-19,5548,5548.TWO,上櫃,26.146114,27.707077,26.146114,26.146114,363878
2025-05-20,5548,5548.TWO,上櫃,26.682695,26.682695,26.292456,26.341234,5166
2025-05-21,5548,5548.TWO,上櫃,26.341234,26.438795,26.292456,26.341234,18450
2025-05-22,5548,5548.TWO,上櫃,26.341234,26.341234,26.292456,26.292456,7175
2025-05-23,5548,5548.TWO,上櫃,26.341234,26.341234,26.243675,26.341234,23575
2025-05-26,5548,5548.TWO,上櫃,26.341234,26.390015,26.341234,26.390015,12300
2025-05-27,5548,5548.TWO,上櫃,26.438795,26.487576,26.292456,26.292456,35875
2025-05-28,5548,5548.TWO,上櫃,26.292456,26.341234,26.292456,26.292456,12300
2025-05-29,5548,5548.TWO,上櫃,26.243675,26.390015,26.243675,26.292456,18450
2025-06-02,5548,5548.TWO,上櫃,26.341234,26.341234,26.194895,26.243675,17241
2025-06-03,5548,5548.TWO,上櫃,26.146114,26.390015,25.950994,26.243675,9225
2025-06-04,5548,5548.TWO,上櫃,26.243675,26.292456,26.243675,26.292456,5125
2025-06-05,5548,5548.TWO,上櫃,26.194895,26.194895,26.097336,26.097336,25625
2025-06-06,5548,5548.TWO,上櫃,26.146114,26.194895,26.097336,26.146114,16400
2025-06-09,5548,5548.TWO,上櫃,26.097336,26.097336,26.048555,26.097336,9225
2025-06-10,5548,5548.TWO,上櫃,26.243675,26.243675,26.097336,26.146114,22550
2025-06-11,5548,5548.TWO,上櫃,26.146114,27.316835,26.146114,26.194895,69700
2025-06-12,5548,5548.TWO,上櫃,26.097336,26.194895,26.048555,26.048555,18908
2025-06-13,5548,5548.TWO,上櫃,26.097336,26.146114,25.999775,26.097336,19475
2025-06-16,5548,5548.TWO,上櫃,26.097336,26.097336,25.755875,25.902214,98400
2025-06-17,5548,5548.TWO,上櫃,26.048555,26.097336,25.902214,26.097336,37925
2025-06-18,5548,5548.TWO,上櫃,26.048555,26.048555,25.755875,25.853434,41000
2025-06-19,5548,5548.TWO,上櫃,25.804653,25.902214,25.755875,25.853434,37925
2025-06-20,5548,5548.TWO,上櫃,26.097336,26.097336,25.755875,25.804653,16502
2025-06-23,5548,5548.TWO,上櫃,25.707094,25.707094,24.975393,25.365635,31775
2025-06-24,5548,5548.TWO,上櫃,25.414413,25.853434,25.365635,25.560755,75850
2025-06-25,5548,5548.TWO,上櫃,25.511974,25.511974,25.365635,25.414413,8200
2025-06-26,5548,5548.TWO,上櫃,25.707094,25.755875,25.560755,25.560755,24600
2025-06-27,5548,5548.TWO,上櫃,25.511974,25.999775,25.511974,25.560755,17476
2025-06-30,5548,5548.TWO,上櫃,25.999775,25.999775,25.560755,25.609533,19475
2025-07-01,5548,5548.TWO,上櫃,25.609533,25.658314,25.365635,25.463194,85331
2025-07-02,5548,5548.TWO,上櫃,25.463194,25.511974,25.463194,25.463194,31775
2025-07-03,5548,5548.TWO,上櫃,25.463194,25.707094,25.414413,25.463194,36900
2025-07-04,5548,5548.TWO,上櫃,25.463194,25.463194,25.414413,25.414413,10250
2025-07-07,5548,5548.TWO,上櫃,25.219294,25.365635,24.975393,25.072952,92250
2025-07-08,5548,5548.TWO,上櫃,25.072952,25.219294,25.072952,25.121733,9225
2025-07-09,5548,5548.TWO,上櫃,25.072952,25.268074,25.072952,25.170513,47225
2025-07-10,5548,5548.TWO,上櫃,25.268074,25.268074,25.121733,25.121733,18652
2025-07-11,5548,5548.TWO,上櫃,25.268074,25.463194,25.219294,25.268074,45438
2025-07-14,5548,5548.TWO,上櫃,25.268074,25.268074,24.926613,25.072952,55242
2025-07-15,5548,5548.TWO,上櫃,25.170513,25.219294,24.975393,25.121733,69815
2025-07-16,5548,5548.TWO,上櫃,25.024174,25.219294,24.975393,25.072952,140456
2025-07-17,5548,5548.TWO,上櫃,25.121733,25.268074,25.121733,25.121733,58456
2025-07-18,5548,5548.TWO,上櫃,25.268074,25.511974,25.268074,25.414413,90257
2025-07-21,5548,5548.TWO,上櫃,25.463194,25.609533,25.414413,25.463194,152418
2025-07-22,5548,5548.TWO,上櫃,24.25,24.25,24.0,24.049999,66070
2025-07-23,5548,5548.TWO,上櫃,24.0,24.049999,24.0,24.0,34040
2025-07-24,5548,5548.TWO,上櫃,24.4,24.4,24.049999,24.15,13060
2025-07-25,5548,5548.TWO,上櫃,24.1,24.1,23.9,23.9,23040
2025-07-28,5548,5548.TWO,上櫃,24.049999,24.049999,24.0,24.0,10040
2025-07-29,5548,5548.TWO,上櫃,23.85,23.85,23.85,23.85,2000
2025-07-30,5548,5548.TWO,上櫃,24.0,24.299999,23.950001,24.0,67180
2025-07-31,5548,5548.TWO,上櫃,23.75,23.950001,23.75,23.950001,4000
2025-08-04,5548,5548.TWO,上櫃,23.85,23.85,23.799999,23.799999,8000
2025-08-05,5548,5548.TWO,上櫃,23.799999,23.9,23.799999,23.85,14000
2025-08-06,5548,5548.TWO,上櫃,23.85,23.950001,23.85,23.9,19000
2025-08-07,5548,5548.TWO,上櫃,24.0,24.0,23.799999,23.799999,18000
2025-08-08,5548,5548.TWO,上櫃,23.450001,23.799999,23.450001,23.6,11000
2025-08-11,5548,5548.TWO,上櫃,23.5,23.700001,22.549999,22.700001,184000
2025-08-12,5548,5548.TWO,上櫃,22.700001,23.1,22.6,22.75,31000
2025-08-13,5548,5548.TWO,上櫃,22.700001,22.700001,22.65,22.700001,6000
2025-08-14,5548,5548.TWO,上櫃,22.700001,22.950001,22.700001,22.75,14000
2025-08-15,5548,5548.TWO,上櫃,22.75,23.15,22.75,22.9,22091
2025-08-18,5548,5548.TWO,上櫃,22.950001,23.0,22.799999,23.0,29000
2025-08-19,5548,5548.TWO,上櫃,23.4,23.5,23.1,23.35,53200
2025-08-20,5548,5548.TWO,上櫃,23.35,23.35,23.0,23.0,19000
2025-08-21,5548,5548.TWO,上櫃,23.0,23.0,23.0,23.0,5000
2025-08-22,5548,5548.TWO,上櫃,23.049999,23.1,22.9,22.9,17045
2025-08-25,5548,5548.TWO,上櫃,22.9,22.950001,22.85,22.85,16000
2025-08-26,5548,5548.TWO,上櫃,22.9,22.950001,22.799999,22.85,12000
2025-08-27,5548,5548.TWO,上櫃,23.25,24.0,23.25,23.9,185373
2025-08-28,5548,5548.TWO,上櫃,23.9,24.0,23.5,23.6,45100
2025-08-29,5548,5548.TWO,上櫃,23.6,23.9,23.6,23.9,63000
2025-09-01,5548,5548.TWO,上櫃,23.9,24.299999,23.85,23.9,21000
2025-09-02,5548,5548.TWO,上櫃,23.65,24.15,23.65,24.1,40000
2025-09-03,5548,5548.TWO,上櫃,24.1,24.5,24.1,24.35,37000
2025-09-04,5548,5548.TWO,上櫃,24.5,25.0,24.4,24.6,139187
2025-09-05,5548,5548.TWO,上櫃,24.700001,24.700001,24.5,24.6,197000
2025-09-08,5548,5548.TWO,上櫃,25.299999,25.299999,24.450001,24.65,110000
2025-09-09,5548,5548.TWO,上櫃,24.65,24.65,24.5,24.6,34000
2025-09-10,5548,5548.TWO,上櫃,24.6,24.700001,24.6,24.65,33000
2025-09-11,5548,5548.TWO,上櫃,24.0,24.65,24.0,24.5,31000
2025-09-12,5548,5548.TWO,上櫃,24.4,24.700001,24.049999,24.049999,10000
2025-09-15,5548,5548.TWO,上櫃,24.200001,24.65,24.200001,24.549999,22000
2025-09-16,5548,5548.TWO,上櫃,24.299999,24.799999,24.299999,24.799999,50000
2025-09-17,5548,5548.TWO,上櫃,24.799999,24.799999,24.15,24.75,50000
2025-09-18,5548,5548.TWO,上櫃,24.75,24.75,24.15,24.299999,10000
2025-09-19,5548,5548.TWO,上櫃,24.299999,24.299999,24.299999,24.299999,0
2025-09-22,5548,5548.TWO,上櫃,24.200001,24.4,24.15,24.35,38000
2025-09-23,5548,5548.TWO,上櫃,24.25,24.5,24.25,24.5,52000
2025-09-24,5548,5548.TWO,上櫃,24.5,24.5,24.25,24.25,11000
2025-09-25,5548,5548.TWO,上櫃,24.4,24.4,24.25,24.299999,26012
2025-09-26,5548,5548.TWO,上櫃,24.299999,24.299999,24.299999,24.299999,0
2025-09-30,5548,5548.TWO,上櫃,24.15,24.15,24.1,24.15,13000
2025-10-01,5548,5548.TWO,上櫃,24.200001,24.200001,24.0,24.0,6119
2025-10-02,5548,5548.TWO,上櫃,24.0,24.0,23.9,23.9,8000
2025-10-03,5548,5548.TWO,上櫃,24.0,24.0,23.85,23.9,31000
2025-10-07,5548,5548.TWO,上櫃,24.0,24.0,23.4,23.5,40000
2025-10-08,5548,5548.TWO,上櫃,23.5,23.5,23.200001,23.200001,53030
2025-10-09,5548,5548.TWO,上櫃,23.1,23.25,22.85,22.85,93850
2025-10-13,5548,5548.TWO,上櫃,22.9,22.9,21.450001,22.549999,101000
2025-10-14,5548,5548.TWO,上櫃,22.6,22.799999,22.6,22.65,10000
2025-10-15,5548,5548.TWO,上櫃,22.700001,22.9,22.549999,22.9,45025
2025-10-16,5548,5548.TWO,上櫃,22.950001,23.0,22.799999,22.9,52000
2025-10-17,5548,5548.TWO,上櫃,22.799999,22.799999,22.549999,22.700001,41302
2025-10-20,5548,5548.TWO,上櫃,22.9,22.9,22.799999,22.85,3000
2025-10-21,5548,5548.TWO,上櫃,22.9,22.9,22.799999,22.9,3000
2025-10-22,5548,5548.TWO,上櫃,22.9,23.0,22.85,22.85,53000
2025-10-23,5548,5548.TWO,上櫃,22.85,22.950001,22.65,22.950001,35000
2025-10-27,5548,5548.TWO,上櫃,22.9,22.9,22.799999,22.799999,7000
2025-10-28,5548,5548.TWO,上櫃,22.65,22.75,22.65,22.65,36250
2025-10-29,5548,5548.TWO,上櫃,22.6,22.75,22.450001,22.5,66607
2025-10-30,5548,5548.TWO,上櫃,22.6,22.6,22.35,22.35,48000
2025-10-31,5548,5548.TWO,上櫃,22.5,23.0,22.5,22.549999,35000
2025-11-03,5548,5548.TWO,上櫃,22.9,22.9,22.5,22.6,34050
2025-11-04,5548,5548.TWO,上櫃,22.75,22.75,22.5,22.5,21000
2025-11-05,5548,5548.TWO,上櫃,22.35,22.5,22.299999,22.299999,77001
2025-11-06,5548,5548.TWO,上櫃,22.450001,22.450001,22.299999,22.299999,23054
2025-11-07,5548,5548.TWO,上櫃,22.5,22.5,21.700001,22.299999,116000
2025-11-10,5548,5548.TWO,上櫃,22.5,22.5,21.450001,21.5,72250
2025-11-11,5548,5548.TWO,上櫃,21.799999,21.950001,21.35,21.5,39010
2025-11-12,5548,5548.TWO,上櫃,21.85,22.0,21.5,21.5,111001
2025-11-13,5548,5548.TWO,上櫃,21.450001,21.700001,21.299999,21.5,34015
2025-11-14,5548,5548.TWO,上櫃,21.450001,21.450001,21.299999,21.4,44000
2025-11-17,5548,5548.TWO,上櫃,21.35,21.35,21.299999,21.299999,4040
2025-11-18,5548,5548.TWO,上櫃,21.6,21.6,21.25,21.4,17000
2025-11-19,5548,5548.TWO,上櫃,21.4,21.85,21.25,21.4,20500
2025-11-20,5548,5548.TWO,上櫃,21.4,21.450001,21.4,21.4,9075
2025-11-21,5548,5548.TWO,上櫃,21.4,21.4,21.4,21.4,0
2025-11-24,5548,5548.TWO,上櫃,21.5,22.200001,21.5,22.200001,35000
2025-11-25,5548,5548.TWO,上櫃,21.9,22.0,21.9,22.0,15025
2025-11-26,5548,5548.TWO,上櫃,22.0,23.25,22.0,23.15,73332
2025-11-27,5548,5548.TWO,上櫃,23.25,23.799999,23.25,23.65,44000
2025-11-28,5548,5548.TWO,上櫃,23.65,23.950001,23.450001,23.450001,36000
2025-12-01,5548,5548.TWO,上櫃,23.799999,23.9,23.5,23.5,28000
2025-12-02,5548,5548.TWO,上櫃,23.5,23.75,23.5,23.549999,69200
2025-12-03,5548,5548.TWO,上櫃,23.5,23.85,23.5,23.549999,45125
2025-12-04,5548,5548.TWO,上櫃,23.549999,23.700001,23.4,23.6,56000
2025-12-05,5548,5548.TWO,上櫃,23.700001,23.700001,23.299999,23.299999,22012
2025-12-08,5548,5548.TWO,上櫃,23.6,23.65,23.299999,23.5,30458
2025-12-09,5548,5548.TWO,上櫃,23.5,23.75,23.200001,23.4,46135
2025-12-10,5548,5548.TWO,上櫃,23.65,23.700001,23.0,23.65,35000
2025-12-11,5548,5548.TWO,上櫃,23.1,24.15,23.1,23.9,85829
2025-12-12,5548,5548.TWO,上櫃,24.049999,24.049999,23.9,23.950001,39255
2025-12-15,5548,5548.TWO,上櫃,23.549999,24.25,23.549999,23.950001,38000
2025-12-16,5548,5548.TWO,上櫃,24.1,24.15,23.85,23.85,46001
2025-12-17,5548,5548.TWO,上櫃,23.9,24.15,23.9,23.950001,30000
2025-12-18,5548,5548.TWO,上櫃,24.0,24.25,24.0,24.1,31000
2025-12-19,5548,5548.TWO,上櫃,24.1,24.200001,23.9,24.0,26009
2025-12-22,5548,5548.TWO,上櫃,24.200001,24.5,24.1,24.15,23300
2025-12-23,5548,5548.TWO,上櫃,24.25,24.450001,24.0,24.049999,18000
2025-12-24,5548,5548.TWO,上櫃,24.200001,24.200001,24.0,24.049999,29000
2025-12-26,5548,5548.TWO,上櫃,24.049999,24.200001,24.0,24.0,18148
2025-12-29,5548,5548.TWO,上櫃,24.0,24.299999,24.0,24.15,45000
2025-12-30,5548,5548.TWO,上櫃,24.0,24.15,23.9,24.1,27000
2025-12-31,5548,5548.TWO,上櫃,24.15,24.35,23.950001,24.25,62060
2026-01-02,5548,5548.TWO,上櫃,24.200001,24.35,24.049999,24.299999,52000
2026-01-05,5548,5548.TWO,上櫃,24.299999,24.450001,24.049999,24.1,23000
2026-01-06,5548,5548.TWO,上櫃,24.049999,24.299999,24.049999,24.1,35000
2026-01-07,5548,5548.TWO,上櫃,24.200001,24.25,23.950001,24.0,37000
2026-01-08,5548,5548.TWO,上櫃,24.0,24.5,23.9,24.0,43000
2026-01-09,5548,5548.TWO,上櫃,24.049999,24.25,23.700001,23.950001,37000
2026-01-12,5548,5548.TWO,上櫃,24.25,25.0,24.0,24.049999,34000
2026-01-13,5548,5548.TWO,上櫃,23.5,24.1,23.1,23.4,37000
2026-01-14,5548,5548.TWO,上櫃,23.75,23.85,23.700001,23.700001,11000
2026-01-15,5548,5548.TWO,上櫃,23.700001,23.85,23.4,23.549999,29000
2026-01-16,5548,5548.TWO,上櫃,23.549999,24.049999,23.549999,23.6,44000
2026-01-19,5548,5548.TWO,上櫃,24.15,24.200001,23.5,23.5,40030
2026-01-20,5548,5548.TWO,上櫃,23.5,23.75,23.4,23.4,59342
2026-01-21,5548,5548.TWO,上櫃,23.4,23.4,23.0,23.049999,32000
2026-01-22,5548,5548.TWO,上櫃,23.049999,23.450001,23.049999,23.25,27050
2026-01-23,5548,5548.TWO,上櫃,23.25,23.549999,23.25,23.25,41000
2026-01-26,5548,5548.TWO,上櫃,23.25,23.450001,23.049999,23.1,23005
2026-01-27,5548,5548.TWO,上櫃,23.6,23.700001,22.799999,22.9,77000
2026-01-28,5548,5548.TWO,上櫃,23.25,23.35,22.9,22.9,25000
2026-01-29,5548,5548.TWO,上櫃,22.799999,23.1,22.799999,23.0,11000
2026-01-30,5548,5548.TWO,上櫃,23.0,23.5,23.0,23.1,197000
2026-02-02,5548,5548.TWO,上櫃,23.200001,23.6,23.1,23.1,72019
2026-02-03,5548,5548.TWO,上櫃,23.549999,23.6,23.35,23.35,35000
2026-02-04,5548,5548.TWO,上櫃,23.65,23.65,23.299999,23.35,41000
2026-02-05,5548,5548.TWO,上櫃,23.5,23.549999,23.299999,23.299999,12025
2026-02-06,5548,5548.TWO,上櫃,23.299999,23.35,23.200001,23.200001,12000
2026-02-09,5548,5548.TWO,上櫃,23.299999,23.35,23.299999,23.35,14000
2026-02-10,5548,5548.TWO,上櫃,23.5,23.549999,23.4,23.549999,34030
2026-02-11,5548,5548.TWO,上櫃,23.549999,24.0,23.299999,23.6,56025
2026-02-23,5548,5548.TWO,上櫃,23.700001,23.85,23.549999,23.700001,61000
2026-02-24,5548,5548.TWO,上櫃,23.799999,23.85,23.299999,23.6,32000
2026-02-25,5548,5548.TWO,上櫃,23.6,23.799999,23.299999,23.4,22145
2026-02-26,5548,5548.TWO,上櫃,23.5,23.5,23.15,23.299999,44000
2026-03-02,5548,5548.TWO,上櫃,23.299999,23.65,23.049999,23.200001,57044
2026-03-03,5548,5548.TWO,上櫃,23.15,23.200001,22.799999,22.799999,35200
2026-03-04,5548,5548.TWO,上櫃,22.549999,23.0,22.5,22.549999,44100
2026-03-05,5548,5548.TWO,上櫃,22.6,22.65,22.549999,22.6,26025
2026-03-06,5548,5548.TWO,上櫃,22.85,22.950001,22.65,22.75,52000
2026-03-09,5548,5548.TWO,上櫃,22.700001,23.6,22.15,23.25,211010
2026-03-10,5548,5548.TWO,上櫃,22.950001,23.4,22.950001,23.4,67010
2026-03-11,5548,5548.TWO,上櫃,23.299999,23.450001,22.85,23.25,33000
2026-03-12,5548,5548.TWO,上櫃,23.35,23.700001,23.35,23.549999,56000
2026-03-13,5548,5548.TWO,上櫃,23.549999,23.65,23.5,23.65,11101
2026-03-16,5548,5548.TWO,上櫃,23.75,23.950001,23.700001,23.700001,31000
2026-03-17,5548,5548.TWO,上櫃,23.700001,23.9,23.700001,23.75,38268
2026-03-18,5548,5548.TWO,上櫃,23.85,23.85,23.65,23.75,55000
2026-03-19,5548,5548.TWO,上櫃,23.5,23.799999,23.450001,23.5,56000
2026-03-20,5548,5548.TWO,上櫃,23.950001,24.0,23.799999,23.9,44025
2026-03-23,5548,5548.TWO,上櫃,23.9,23.9,23.5,23.5,42000
2026-03-24,5548,5548.TWO,上櫃,23.799999,23.799999,23.549999,23.549999,32000
2026-03-25,5548,5548.TWO,上櫃,23.9,24.450001,23.9,24.4,301100
2026-03-26,5548,5548.TWO,上櫃,24.549999,25.9,24.549999,25.85,335100
2026-03-27,5548,5548.TWO,上櫃,26.299999,26.299999,25.25,25.6,182001
2026-03-30,5548,5548.TWO,上櫃,25.4,25.6,25.35,25.549999,45250
2026-03-31,5548,5548.TWO,上櫃,25.549999,25.549999,24.950001,25.15,115000
2026-04-01,5548,5548.TWO,上櫃,25.25,25.25,25.0,25.200001,16000
2026-04-02,5548,5548.TWO,上櫃,25.0,25.049999,24.950001,24.950001,43000
2026-04-07,5548,5548.TWO,上櫃,25.1,25.1,25.0,25.049999,30126
2026-04-08,5548,5548.TWO,上櫃,24.9,25.1,24.9,25.049999,86000
2026-04-09,5548,5548.TWO,上櫃,25.049999,25.049999,25.0,25.0,42000
2026-04-10,5548,5548.TWO,上櫃,25.0,25.1,24.950001,25.049999,101150
2026-04-13,5548,5548.TWO,上櫃,25.0,25.0,24.85,24.950001,42000
2026-04-14,5548,5548.TWO,上櫃,25.0,25.0,24.799999,24.799999,44045
2026-04-15,5548,5548.TWO,上櫃,24.85,24.85,24.5,24.5,99050
2026-04-16,5548,5548.TWO,上櫃,24.35,24.6,24.35,24.4,75000
2026-04-17,5548,5548.TWO,上櫃,24.35,24.35,24.15,24.299999,165050
2026-04-20,5548,5548.TWO,上櫃,24.049999,24.1,23.799999,23.950001,157026
2026-04-21,5548,5548.TWO,上櫃,24.1,24.450001,24.0,24.200001,115000
2026-04-22,5548,5548.TWO,上櫃,23.9,23.950001,23.799999,23.9,99001
2026-04-23,5548,5548.TWO,上櫃,23.9,23.9,23.700001,23.700001,77000
2026-04-24,5548,5548.TWO,上櫃,23.700001,23.85,23.700001,23.85,40000
2026-04-27,5548,5548.TWO,上櫃,23.75,23.75,23.5,23.5,80000
2026-04-28,5548,5548.TWO,上櫃,23.5,23.549999,23.450001,23.5,62000
2026-04-29,5548,5548.TWO,上櫃,23.450001,23.6,23.450001,23.6,14000
2026-04-30,5548,5548.TWO,上櫃,23.450001,24.200001,23.450001,23.65,77000
2026-05-04,5548,5548.TWO,上櫃,23.549999,23.6,23.5,23.5,29000
2026-05-05,5548,5548.TWO,上櫃,23.450001,23.65,23.299999,23.65,31005
2026-05-06,5548,5548.TWO,上櫃,23.6,23.6,23.549999,23.6,11000
2026-05-07,5548,5548.TWO,上櫃,23.6,23.6,23.5,23.6,38129
2026-05-08,5548,5548.TWO,上櫃,23.700001,23.700001,23.450001,23.5,33000
2026-05-11,5548,5548.TWO,上櫃,23.450001,23.5,23.25,23.5,105000
2026-05-12,5548,5548.TWO,上櫃,23.35,23.450001,23.25,23.299999,49000
2026-05-13,5548,5548.TWO,上櫃,23.299999,23.4,23.299999,23.299999,17000
2026-05-14,5548,5548.TWO,上櫃,23.450001,23.450001,23.25,23.25,41020
2026-05-15,5548,5548.TWO,上櫃,23.25,23.5,23.25,23.450001,38000
2026-05-18,5548,5548.TWO,上櫃,23.35,23.950001,23.35,23.85,21000
2026-05-19,5548,5548.TWO,上櫃,23.65,23.75,23.65,23.65,74000
2026-05-20,5548,5548.TWO,上櫃,23.65,23.700001,23.6,23.6,16000
2026-05-21,5548,5548.TWO,上櫃,23.65,23.65,23.6,23.65,28009
2026-05-22,5548,5548.TWO,上櫃,23.35,23.65,23.35,23.6,27000
2026-05-25,5548,5548.TWO,上櫃,23.549999,23.549999,23.4,23.4,68000
2026-05-26,5548,5548.TWO,上櫃,23.5,23.5,23.200001,23.25,59168
2026-05-27,5548,5548.TWO,上櫃,23.25,23.5,23.25,23.299999,27000
2026-05-28,5548,5548.TWO,上櫃,23.299999,23.35,23.25,23.25,49000
2026-05-29,5548,5548.TWO,上櫃,23.25,23.299999,23.200001,23.299999,58000
2026-06-01,5548,5548.TWO,上櫃,23.299999,23.299999,23.1,23.299999,154654
2026-06-02,5548,5548.TWO,上櫃,23.25,23.299999,23.200001,23.25,33860
2026-06-03,5548,5548.TWO,上櫃,23.299999,23.450001,23.200001,23.35,83065
