date,symbol,yahoo_symbol,market,adj_open,adj_high,adj_low,adj_close,volume,adjustment_factor
2023-06-30,2751,2751.TWO,上櫃,74.392052,119.196356,74.392052,116.660263,524706,0.8453642251
2023-07-03,2751,2751.TWO,上櫃,116.66025,131.876805,111.588065,125.113892,509444,0.8453641324
2023-07-04,2751,2751.TWO,上櫃,123.845845,123.845845,109.051973,113.278793,244497,0.8453641294
2023-07-05,2751,2751.TWO,上櫃,114.96952,119.619023,114.124156,118.773659,144157,0.8453641192
2023-07-06,2751,2751.TWO,上櫃,117.928309,118.350991,109.051984,112.433441,213441,0.8453642193
2023-07-07,2751,2751.TWO,上櫃,112.010758,117.082943,109.897347,114.124168,127434,0.8453642103
2023-07-10,2751,2751.TWO,上櫃,115.392223,122.57782,115.392223,120.464409,242493,0.8453642728
2023-07-11,2751,2751.TWO,上櫃,122.577807,131.876813,122.155124,131.031448,377937,0.845364183
2023-07-12,2751,2751.TWO,上櫃,131.876821,137.371689,130.186093,137.371689,277105,0.845364239
2023-07-13,2751,2751.TWO,上櫃,137.371671,137.371671,127.649983,132.722168,104808,0.8453641272
2023-07-14,2751,2751.TWO,上櫃,134.412903,134.412903,127.64999,130.608765,88656,0.8453641725
2023-07-17,2751,2751.TWO,上櫃,130.186091,130.186091,127.227317,128.918045,33866,0.8453642298
2023-07-18,2751,2751.TWO,上櫃,129.340717,130.608763,124.691214,130.186081,14108,0.8453641619
2023-07-19,2751,2751.TWO,上櫃,129.340718,130.608765,125.113898,130.608765,15170,0.8453641725
2023-07-20,2751,2751.TWO,上櫃,128.91803,131.031441,120.464389,125.113892,45680,0.8453641324
2023-07-21,2751,2751.TWO,上櫃,125.959266,125.959266,120.887081,123.845856,18667,0.8453642028
2023-07-24,2751,2751.TWO,上櫃,123.00048,123.00048,120.041706,120.88707,34797,0.8453641238
2023-07-25,2751,2751.TWO,上櫃,119.619025,120.887071,117.082932,119.196342,58257,0.845364131
2023-07-26,2751,2751.TWO,上櫃,120.464409,120.887091,117.505634,120.464409,35678,0.8453642728
2023-07-27,2751,2751.TWO,上櫃,122.155116,124.268526,119.619024,120.88707,47642,0.8453641238
2023-07-28,2751,2751.TWO,上櫃,121.309761,121.309761,120.041715,121.309761,12634,0.8453641885
2023-07-31,2751,2751.TWO,上櫃,120.887081,121.732445,119.619034,121.732445,23795,0.8453641997
2023-08-01,2751,2751.TWO,上櫃,121.732445,123.423173,120.887081,121.732445,51293,0.8453641997
2023-08-02,2751,2751.TWO,上櫃,122.155125,123.000489,119.619033,121.309761,26411,0.8453641885
2023-08-04,2751,2751.TWO,上櫃,122.577798,125.536572,120.88707,120.88707,65107,0.8453641238
2023-08-07,2751,2751.TWO,上櫃,123.000488,123.000488,114.969528,114.969528,120927,0.8453641779
2023-08-08,2751,2751.TWO,上櫃,121.732446,121.732446,113.701486,114.124168,31132,0.8453642103
2023-08-09,2751,2751.TWO,上櫃,116.660263,118.773674,114.546852,116.660263,48297,0.8453642251
2023-08-10,2751,2751.TWO,上櫃,117.505626,117.928308,112.856122,116.237579,34896,0.8453642134
2023-08-11,2751,2751.TWO,上櫃,115.392205,125.959257,114.969523,123.423164,110998,0.8453641395
2023-08-14,2751,2751.TWO,上櫃,123.000479,123.000479,118.350977,118.773659,66906,0.8453641192
2023-08-15,2751,2751.TWO,上櫃,118.773659,121.309752,117.505613,120.88707,27120,0.8453641238
2023-08-16,2751,2751.TWO,上櫃,117.928307,118.350989,114.54685,117.928307,39759,0.8453642049
2023-08-17,2751,2751.TWO,上櫃,118.350983,123.000486,116.660254,118.350983,138707,0.8453641619
2023-08-18,2751,2751.TWO,上櫃,118.350979,118.773661,117.082933,117.505615,33782,0.8453641384
2023-08-21,2751,2751.TWO,上櫃,117.505624,117.928307,117.082942,117.928307,7000,0.8453642049
2023-08-22,2751,2751.TWO,上櫃,117.082943,117.082943,111.165393,112.010757,68740,0.8453642071
2023-08-23,2751,2751.TWO,上櫃,112.433435,112.856117,110.320024,110.742706,31425,0.8453641702
2023-08-24,2751,2751.TWO,上櫃,110.742702,112.010748,110.32002,111.588066,11516,0.8453641371
2023-08-25,2751,2751.TWO,上櫃,110.320026,110.742709,106.93857,107.361252,66700,0.8453641876
2023-08-28,2751,2751.TWO,上櫃,106.938571,107.361253,104.402478,105.670525,44684,0.8453641968
2023-08-29,2751,2751.TWO,上櫃,105.247843,109.897346,105.247843,107.783936,19269,0.8453642004
2023-08-30,2751,2751.TWO,上櫃,109.897338,112.43343,109.051974,111.588066,33522,0.8453641371
2023-08-31,2751,2751.TWO,上櫃,111.588064,111.588064,109.051971,109.051971,17657,0.8453641197
2023-09-01,2751,2751.TWO,上櫃,108.206607,110.7427,107.783925,109.051971,27646,0.8453641197
2023-09-04,2751,2751.TWO,上櫃,109.897344,111.16539,108.629297,111.16539,6610,0.8453641826
2023-09-05,2751,2751.TWO,上櫃,110.320027,110.320027,108.629299,109.474663,13150,0.8453641914
2023-09-06,2751,2751.TWO,上櫃,109.897342,110.742706,109.47466,110.742706,16495,0.8453641702
2023-09-07,2751,2751.TWO,上櫃,110.742705,110.742705,109.474658,110.320023,21971,0.8453641577
2023-09-08,2751,2751.TWO,上櫃,110.320023,110.320023,110.320023,110.320023,0,0.8453641577
2023-09-11,2751,2751.TWO,上櫃,108.629295,110.320024,104.825157,108.629295,29134,0.8453641661
2023-09-12,2751,2751.TWO,上櫃,104.825157,107.783932,103.134429,104.825157,21380,0.8453641707
2023-09-13,2751,2751.TWO,上櫃,105.247841,106.515887,105.247841,105.247841,8135,0.8453641838
2023-09-14,2751,2751.TWO,上櫃,104.402478,107.783935,104.402478,105.670525,10652,0.8453641968
2023-09-15,2751,2751.TWO,上櫃,107.783932,108.206614,106.093204,106.938568,18046,0.8453641748
2023-09-18,2751,2751.TWO,上櫃,106.093203,106.515886,103.979793,104.825157,12824,0.8453641707
2023-09-19,2751,2751.TWO,上櫃,105.247837,106.093201,103.97979,106.093201,6673,0.8453641489
2023-09-20,2751,2751.TWO,上櫃,103.134428,103.979792,99.752971,100.598335,25229,0.8453641619
2023-09-21,2751,2751.TWO,上櫃,100.175652,102.711744,98.062241,100.175652,32363,0.8453641481
2023-09-22,2751,2751.TWO,上櫃,98.48492,101.021012,98.48492,99.330284,23698,0.8453641202
2023-09-25,2751,2751.TWO,上櫃,99.33029,99.33029,97.639562,98.907608,16670,0.8453641712
2023-09-26,2751,2751.TWO,上櫃,98.907607,99.33029,96.794197,96.794197,38662,0.8453641667
2023-09-27,2751,2751.TWO,上櫃,96.371515,101.4437,96.371515,96.794197,15205,0.8453641667
2023-09-28,2751,2751.TWO,上櫃,98.062244,98.907608,98.062244,98.907608,1140,0.8453641712
2023-10-02,2751,2751.TWO,上櫃,96.794197,98.484925,96.794197,96.794197,8104,0.8453641667
2023-10-03,2751,2751.TWO,上櫃,96.794198,98.907608,96.794198,98.907608,2071,0.8453641712
2023-10-04,2751,2751.TWO,上櫃,96.79419,97.216872,95.103462,95.103462,7013,0.8453641086
2023-10-05,2751,2751.TWO,上櫃,95.103469,96.794197,94.680787,96.794197,13585,0.8453641667
2023-10-06,2751,2751.TWO,上櫃,96.794193,97.639557,94.680782,97.639557,5134,0.8453641289
2023-10-11,2751,2751.TWO,上櫃,94.680778,97.639552,94.680778,96.371506,2595,0.8453640854
2023-10-12,2751,2751.TWO,上櫃,96.794198,101.443701,96.371516,101.021019,13153,0.8453641756
2023-10-13,2751,2751.TWO,上櫃,98.484929,101.021022,98.484929,99.752975,6544,0.8453641988
2023-10-16,2751,2751.TWO,上櫃,99.752973,99.752973,95.948835,97.216881,29673,0.8453641809
2023-10-17,2751,2751.TWO,上櫃,97.639555,98.907601,95.103462,95.103462,20344,0.8453641086
2023-10-18,2751,2751.TWO,上櫃,97.216872,97.216872,94.258098,95.103462,11002,0.8453641086
2023-10-19,2751,2751.TWO,上櫃,95.103462,97.639555,92.990052,95.103462,8840,0.8453641086
2023-10-20,2751,2751.TWO,上櫃,97.216871,97.216871,92.99005,94.680779,18330,0.8453640938
2023-10-23,2751,2751.TWO,上櫃,92.567377,95.526151,92.567377,92.990059,8835,0.8453641718
2023-10-24,2751,2751.TWO,上櫃,94.680779,94.680779,92.99005,94.680779,6027,0.8453640938
2023-10-25,2751,2751.TWO,上櫃,95.526148,95.94883,95.103466,95.94883,6199,0.8453641379
2023-10-26,2751,2751.TWO,上櫃,95.948826,95.948826,92.990052,95.103462,8089,0.8453641086
2023-10-27,2751,2751.TWO,上櫃,95.94883,95.94883,93.412737,95.94883,15761,0.8453641379
2023-10-30,2751,2751.TWO,上櫃,95.94883,95.94883,94.258101,95.94883,1140,0.8453641379
2023-10-31,2751,2751.TWO,上櫃,97.639553,97.639553,94.258096,94.680779,8037,0.8453640938
2023-11-01,2751,2751.TWO,上櫃,93.83542,95.526149,92.567374,94.258102,67536,0.8453641472
2023-11-02,2751,2751.TWO,上櫃,95.526146,95.948828,95.103464,95.526146,26263,0.8453641233
2023-11-03,2751,2751.TWO,上櫃,95.94883,96.371512,95.103466,95.94883,6830,0.8453641379
2023-11-06,2751,2751.TWO,上櫃,95.948835,97.216881,95.526152,97.216881,23068,0.8453641809
2023-11-07,2751,2751.TWO,上櫃,97.639566,98.062248,97.216884,98.062248,20760,0.8453642089
2023-11-08,2751,2751.TWO,上櫃,98.062247,99.752975,98.062247,99.752975,18663,0.8453641988
2023-11-09,2751,2751.TWO,上櫃,99.752972,104.825157,99.752972,102.711746,49589,0.8453641664
2023-11-10,2751,2751.TWO,上櫃,102.711741,103.557105,101.021013,101.443695,14334,0.8453641256
2023-11-13,2751,2751.TWO,上櫃,102.711741,102.711741,100.598331,101.443695,10580,0.8453641256
2023-11-14,2751,2751.TWO,上櫃,101.443698,102.711744,98.907605,100.175652,15501,0.8453641481
2023-11-15,2751,2751.TWO,上櫃,100.59833,100.59833,98.062238,99.330284,24969,0.8453641202
2023-11-16,2751,2751.TWO,上櫃,99.33029,101.021018,98.062244,98.907608,18255,0.8453641712
2023-11-17,2751,2751.TWO,上櫃,98.484926,99.33029,98.062244,98.907608,23205,0.8453641712
2023-11-20,2751,2751.TWO,上櫃,98.062239,98.484921,96.794193,97.639557,9467,0.8453641289
2023-11-21,2751,2751.TWO,上櫃,97.216884,98.907612,96.794202,98.062248,17727,0.8453642089
2023-11-22,2751,2751.TWO,上櫃,96.371511,98.062239,96.371511,97.639557,5389,0.8453641289
2023-11-23,2751,2751.TWO,上櫃,97.63956,98.484924,96.794196,98.484924,13118,0.8453641572
2023-11-24,2751,2751.TWO,上櫃,98.062245,98.062245,95.948835,97.216881,11225,0.8453641809
2023-11-27,2751,2751.TWO,上櫃,96.794192,98.062238,95.526146,95.526146,27040,0.8453641233
2023-11-28,2751,2751.TWO,上櫃,95.94883,96.371512,95.103466,95.94883,47000,0.8453641379
2023-11-29,2751,2751.TWO,上櫃,95.948833,97.216879,95.948833,96.794197,30526,0.8453641667
2023-11-30,2751,2751.TWO,上櫃,98.062247,116.66026,98.062247,107.783936,99778,0.8453642004
2023-12-01,2751,2751.TWO,上櫃,109.897344,109.897344,100.175656,105.247841,23217,0.8453641838
2023-12-04,2751,2751.TWO,上櫃,104.825159,107.783933,104.825159,105.247841,56778,0.8453641838
2023-12-05,2751,2751.TWO,上櫃,106.093201,109.051975,105.247837,106.093201,66205,0.8453641489
2023-12-06,2751,2751.TWO,上櫃,107.361247,107.783929,105.247837,106.093201,16272,0.8453641489
2023-12-07,2751,2751.TWO,上櫃,106.093203,106.093203,104.402475,104.825157,7164,0.8453641707
2023-12-08,2751,2751.TWO,上櫃,105.670519,107.783929,105.247837,106.093201,21011,0.8453641489
2023-12-11,2751,2751.TWO,上櫃,107.361252,107.783934,106.093206,107.361252,20002,0.8453641876
2023-12-12,2751,2751.TWO,上櫃,108.206614,108.629296,106.515886,106.938568,16521,0.8453641748
2023-12-13,2751,2751.TWO,上櫃,106.938568,107.783932,106.515886,106.938568,29809,0.8453641748
2023-12-14,2751,2751.TWO,上櫃,106.515889,107.783936,106.515889,107.783936,14503,0.8453642004
2023-12-15,2751,2751.TWO,上櫃,108.20662,108.20662,106.515892,106.515892,23425,0.8453642225
2023-12-18,2751,2751.TWO,上櫃,107.361256,108.20662,106.515892,106.515892,3150,0.8453642225
2023-12-19,2751,2751.TWO,上櫃,108.206618,108.206618,105.670525,107.783936,11333,0.8453642004
2023-12-20,2751,2751.TWO,上櫃,107.783936,108.206618,106.938571,107.783936,12060,0.8453642004
2023-12-21,2751,2751.TWO,上櫃,108.629296,108.629296,106.938568,106.938568,175,0.8453641748
2023-12-22,2751,2751.TWO,上櫃,106.938571,107.783936,103.979797,107.783936,11626,0.8453642004
2023-12-25,2751,2751.TWO,上櫃,105.247837,107.783929,105.247837,106.093201,8200,0.8453641489
2023-12-26,2751,2751.TWO,上櫃,106.938568,106.938568,106.515886,106.938568,3884,0.8453641748
2023-12-27,2751,2751.TWO,上櫃,106.938561,109.897336,106.938561,109.051971,11453,0.8453641197
2023-12-28,2751,2751.TWO,上櫃,109.051979,109.051979,106.938568,106.938568,105,0.8453641748
2023-12-29,2751,2751.TWO,上櫃,108.629289,109.051971,108.206607,109.051971,4100,0.8453641197
2024-01-02,2751,2751.TWO,上櫃,108.629295,108.629295,108.206613,108.629295,4520,0.8453641661
2024-01-03,2751,2751.TWO,上櫃,109.051971,111.588064,108.629289,109.051971,18655,0.8453641197
2024-01-04,2751,2751.TWO,上櫃,107.361253,109.474664,107.361253,107.783936,10280,0.8453642004
2024-01-05,2751,2751.TWO,上櫃,108.629295,109.051977,108.206613,108.629295,15100,0.8453641661
2024-01-08,2751,2751.TWO,上櫃,109.474663,109.474663,109.474663,109.474663,10,0.8453641914
2024-01-09,2751,2751.TWO,上櫃,109.474655,113.701475,109.474655,113.278793,67769,0.8453641294
2024-01-10,2751,2751.TWO,上櫃,109.897337,115.392204,109.897337,113.278793,118598,0.8453641294
2024-01-11,2751,2751.TWO,上櫃,113.701486,114.124168,112.43344,114.124168,26801,0.8453642103
2024-01-12,2751,2751.TWO,上櫃,114.124164,115.814892,112.856118,114.969528,64516,0.8453641779
2024-01-15,2751,2751.TWO,上櫃,114.969528,114.969528,114.969528,114.969528,0,0.8453641779
2024-01-16,2751,2751.TWO,上櫃,114.969527,117.928301,114.124162,114.546844,14468,0.8453641659
2024-01-17,2751,2751.TWO,上櫃,114.546852,117.082945,114.546852,116.660263,26984,0.8453642251
2024-01-18,2751,2751.TWO,上櫃,117.082944,117.082944,114.546851,116.237579,31260,0.8453642134
2024-01-19,2751,2751.TWO,上櫃,116.237568,116.237568,114.124158,115.392204,10517,0.845364134
2024-01-22,2751,2751.TWO,上櫃,114.12416,116.23757,114.12416,115.814888,11220,0.845364146
2024-01-23,2751,2751.TWO,上櫃,117.505616,117.505616,114.546842,115.814888,177,0.845364146
2024-01-24,2751,2751.TWO,上櫃,115.814899,118.350992,115.814899,116.660263,47663,0.8453642251
2024-01-25,2751,2751.TWO,上櫃,117.505619,118.350983,115.81489,118.350983,8114,0.8453641619
2024-01-26,2751,2751.TWO,上櫃,118.350978,120.464389,117.082932,119.196342,37420,0.845364131
2024-01-29,2751,2751.TWO,上櫃,118.77366,120.041707,118.350978,119.196342,12982,0.845364131
2024-01-30,2751,2751.TWO,上櫃,119.619034,119.619034,117.928305,119.619034,14009,0.8453641966
2024-01-31,2751,2751.TWO,上櫃,119.619029,119.619029,118.350983,118.350983,13647,0.8453641619
2024-02-01,2751,2751.TWO,上櫃,117.505613,118.773659,117.505613,118.773659,4001,0.8453641192
2024-02-02,2751,2751.TWO,上櫃,117.928297,118.350979,117.082933,117.505615,30041,0.8453641384
2024-02-05,2751,2751.TWO,上櫃,117.928307,117.928307,116.66026,117.928307,3010,0.8453642049
2024-02-15,2751,2751.TWO,上櫃,116.660255,117.082938,107.783932,110.742706,67086,0.8453641702
2024-02-16,2751,2751.TWO,上櫃,111.588067,111.588067,108.206611,109.897339,8000,0.8453641451
2024-02-19,2751,2751.TWO,上櫃,109.897341,112.010751,109.897341,110.320023,32345,0.8453641577
2024-02-20,2751,2751.TWO,上櫃,111.165392,114.969531,109.474664,113.701485,38208,0.8453641984
2024-02-21,2751,2751.TWO,上櫃,111.588077,112.433441,108.629302,112.433441,18406,0.8453642193
2024-02-22,2751,2751.TWO,上櫃,111.588072,112.010754,110.320026,111.16539,33397,0.8453641826
2024-02-23,2751,2751.TWO,上櫃,110.742706,114.969527,110.742706,114.546844,2192,0.8453641659
2024-02-26,2751,2751.TWO,上櫃,111.165388,111.58807,110.320024,110.742706,19069,0.8453641702
2024-02-27,2751,2751.TWO,上櫃,110.742703,111.165385,108.629293,109.897339,30396,0.8453641451
2024-02-29,2751,2751.TWO,上櫃,108.629289,109.897336,106.938561,109.051971,21614,0.8453641197
2024-03-01,2751,2751.TWO,上櫃,106.093206,109.474663,105.670524,109.474663,36410,0.8453641914
2024-03-04,2751,2751.TWO,上櫃,109.051976,110.742705,108.206612,110.320023,24185,0.8453641577
2024-03-05,2751,2751.TWO,上櫃,109.897338,111.588066,109.474656,111.588066,5060,0.8453641371
2024-03-06,2751,2751.TWO,上櫃,109.47466,111.58807,109.47466,110.742706,7001,0.8453641702
2024-03-07,2751,2751.TWO,上櫃,111.58807,112.010753,109.051978,110.742706,19143,0.8453641702
2024-03-08,2751,2751.TWO,上櫃,112.856111,114.969522,112.010747,113.278793,42741,0.8453641294
2024-03-11,2751,2751.TWO,上櫃,113.278802,113.278802,109.474663,109.474663,27612,0.8453641914
2024-03-12,2751,2751.TWO,上櫃,110.74271,116.660259,109.897346,113.701485,83672,0.8453641984
2024-03-13,2751,2751.TWO,上櫃,116.660261,118.773672,112.856122,116.237579,35422,0.8453642134
2024-03-14,2751,2751.TWO,上櫃,116.237568,116.237568,112.433429,113.278793,23364,0.8453641294
2024-03-15,2751,2751.TWO,上櫃,115.392209,116.237573,110.742706,114.546844,26348,0.8453641659
2024-03-18,2751,2751.TWO,上櫃,114.546844,114.546844,114.546844,114.546844,0,0.8453641659
2024-03-19,2751,2751.TWO,上櫃,115.392208,120.464393,114.124162,118.350983,81948,0.8453641619
2024-03-20,2751,2751.TWO,上櫃,118.350978,118.350978,114.969521,117.082932,2221,0.8453641265
2024-03-21,2751,2751.TWO,上櫃,117.505615,117.505615,114.124159,117.505615,1625,0.8453641384
2024-03-22,2751,2751.TWO,上櫃,114.124157,117.082932,113.278793,117.082932,7610,0.8453641265
2024-03-25,2751,2751.TWO,上櫃,117.082943,117.082943,111.588076,114.124168,4461,0.8453642103
2024-03-26,2751,2751.TWO,上櫃,114.124168,114.124168,114.124168,114.124168,0,0.8453642103
2024-03-27,2751,2751.TWO,上櫃,112.856113,116.23757,112.856113,115.814888,7497,0.845364146
2024-03-28,2751,2751.TWO,上櫃,112.43344,115.392214,108.629301,112.010757,94619,0.8453642071
2024-03-29,2751,2751.TWO,上櫃,110.320018,112.010746,107.361243,109.051971,47546,0.8453641197
2024-04-01,2751,2751.TWO,上櫃,110.320025,114.969528,108.629297,114.969528,14081,0.8453641779
2024-04-02,2751,2751.TWO,上櫃,114.530712,114.969527,110.142562,112.775452,24638,0.877629974
2024-04-03,2751,2751.TWO,上櫃,111.897817,113.214262,111.897817,112.336632,8023,0.8776299357
2024-04-08,2751,2751.TWO,上櫃,111.459005,111.459005,107.070855,110.581375,17842,0.8776299613
2024-04-09,2751,2751.TWO,上櫃,110.581372,111.020187,108.826113,111.020187,10233,0.8776299397
2024-04-10,2751,2751.TWO,上櫃,111.020196,111.020196,108.826121,109.703751,22982,0.8776300049
2024-04-11,2751,2751.TWO,上櫃,108.387299,111.020188,108.387299,108.387299,3916,0.877629948
2024-04-12,2751,2751.TWO,上櫃,108.387299,108.387299,108.387299,108.387299,250,0.877629948
2024-04-15,2751,2751.TWO,上櫃,111.459007,111.459007,106.632042,106.632042,14397,0.8776299747
2024-04-16,2751,2751.TWO,上櫃,105.754417,106.193232,104.876787,105.754417,10395,0.8776300201
2024-04-17,2751,2751.TWO,上櫃,105.754411,109.264931,105.754411,109.264931,4040,0.8776299657
2024-04-18,2751,2751.TWO,上櫃,109.264931,109.264931,109.264931,109.264931,0,0.8776299657
2024-04-19,2751,2751.TWO,上櫃,104.876785,105.3156,101.366265,104.876785,8320,0.8776300023
2024-04-22,2751,2751.TWO,上櫃,101.805073,103.999148,101.366258,103.560333,9352,0.8776299428
2024-04-23,2751,2751.TWO,上櫃,102.243894,103.121524,102.243894,102.682709,6126,0.8776299892
2024-04-24,2751,2751.TWO,上櫃,102.243895,105.3156,100.04982,104.876785,16260,0.8776300023
2024-04-25,2751,2751.TWO,上櫃,107.509669,111.020188,107.070854,108.387299,15299,0.877629948
2024-04-26,2751,2751.TWO,上櫃,109.264931,109.264931,106.193226,107.948486,4581,0.8776299701
2024-04-29,2751,2751.TWO,上櫃,107.948486,107.948486,107.948486,107.948486,90,0.8776299701
2024-04-30,2751,2751.TWO,上櫃,107.94848,107.94848,104.876775,105.31559,9218,0.8776299159
2024-05-02,2751,2751.TWO,上櫃,104.876775,105.754405,104.876775,105.31559,7000,0.8776299159
2024-05-03,2751,2751.TWO,上櫃,105.754417,106.193232,105.754417,105.754417,5000,0.8776300201
2024-05-06,2751,2751.TWO,上櫃,105.754415,105.754415,103.56034,104.876785,14178,0.8776300023
2024-05-07,2751,2751.TWO,上櫃,104.43797,105.3156,104.43797,104.876785,8000,0.8776300023
2024-05-08,2751,2751.TWO,上櫃,105.31559,105.31559,103.56033,105.31559,5042,0.8776299159
2024-05-09,2751,2751.TWO,上櫃,103.12152,104.437965,103.12152,104.437965,5464,0.8776299613
2024-05-10,2751,2751.TWO,上櫃,104.437972,106.632047,104.437972,105.754417,15039,0.8776300201
2024-05-13,2751,2751.TWO,上櫃,103.121526,103.121526,97.416931,98.733376,112538,0.8776300049
2024-05-14,2751,2751.TWO,上櫃,97.416929,97.416929,91.712334,96.539299,69162,0.877629991
2024-05-15,2751,2751.TWO,上櫃,91.712334,93.028779,89.518259,91.712334,33060,0.8776299874
2024-05-16,2751,2751.TWO,上櫃,93.906402,96.100477,92.589957,95.222847,27321,0.8776299261
2024-05-17,2751,2751.TWO,上櫃,96.978109,97.855738,96.100479,97.416924,12535,0.8776299416
2024-05-20,2751,2751.TWO,上櫃,99.172186,99.611001,97.855741,98.294556,21397,0.8776299613
2024-05-21,2751,2751.TWO,上櫃,99.610995,100.488625,98.733365,99.17218,10626,0.8776299131
2024-05-22,2751,2751.TWO,上櫃,100.04981,100.04981,96.53929,99.17218,14353,0.8776299131
2024-05-23,2751,2751.TWO,上櫃,99.172183,99.172183,96.978109,97.416924,4119,0.8776299416
2024-05-24,2751,2751.TWO,上櫃,96.539296,98.294556,95.222851,98.294556,9555,0.8776299613
2024-05-27,2751,2751.TWO,上櫃,95.661668,97.855743,95.222853,97.855743,11076,0.8776299857
2024-05-28,2751,2751.TWO,上櫃,95.222852,97.855742,94.345222,95.661667,25138,0.8776299713
2024-05-29,2751,2751.TWO,上櫃,95.661667,96.539297,94.784037,95.661667,4524,0.8776299713
2024-05-30,2751,2751.TWO,上櫃,95.661666,96.978111,95.222851,96.978111,22608,0.8776299662
2024-05-31,2751,2751.TWO,上櫃,96.978103,96.978103,92.151138,92.151138,6102,0.8776298886
2024-06-03,2751,2751.TWO,上櫃,92.151148,95.222853,92.151148,93.028778,15200,0.8776299819
2024-06-04,2751,2751.TWO,上櫃,93.028768,93.467583,91.273508,92.151138,24070,0.8776298886
2024-06-05,2751,2751.TWO,上櫃,93.028782,96.539302,93.028782,94.784042,2023,0.8776300218
2024-06-06,2751,2751.TWO,上櫃,93.028782,97.416932,93.467597,94.784042,28140,0.8776300218
2024-06-07,2751,2751.TWO,上櫃,95.661666,96.978111,95.661666,96.978111,2200,0.8776299662
2024-06-11,2751,2751.TWO,上櫃,96.978107,96.978107,93.906403,93.906403,4988,0.8776299307
2024-06-12,2751,2751.TWO,上櫃,93.467592,96.978112,93.467592,95.661667,6246,0.8776299713
2024-06-13,2751,2751.TWO,上櫃,96.978117,96.978117,93.906412,94.784042,8219,0.8776300218
2024-06-14,2751,2751.TWO,上櫃,96.978107,96.978107,93.906403,93.906403,3002,0.8776299307
2024-06-17,2751,2751.TWO,上櫃,96.100471,96.978101,96.100471,96.100471,5200,0.8776298767
2024-06-18,2751,2751.TWO,上櫃,96.978114,96.978114,95.661669,96.539299,18751,0.877629991
2024-06-19,2751,2751.TWO,上櫃,96.539297,96.539297,95.661667,95.661667,1571,0.8776299713
2024-06-20,2751,2751.TWO,上櫃,94.345215,94.345215,94.345215,94.345215,1000,0.8776299055
2024-06-21,2751,2751.TWO,上櫃,93.9064,94.78403,93.02877,94.345215,34515,0.8776299055
2024-06-24,2751,2751.TWO,上櫃,91.712334,93.906409,91.273519,91.712334,14648,0.8776299874
2024-06-25,2751,2751.TWO,上櫃,90.834699,91.273514,90.834699,91.273514,19629,0.8776299403
2024-06-26,2751,2751.TWO,上櫃,90.395882,93.467586,90.395882,90.395882,10350,0.877629919
2024-06-27,2751,2751.TWO,上櫃,92.589962,92.589962,88.640627,89.518257,5641,0.877629972
2024-06-28,2751,2751.TWO,上櫃,90.39589,90.39589,88.64063,89.079445,8201,0.8776299989
2024-07-01,2751,2751.TWO,上櫃,89.079445,90.39589,89.079445,89.079445,1549,0.8776299989
2024-07-02,2751,2751.TWO,上櫃,89.079437,90.834697,89.079437,90.395882,13101,0.877629919
2024-07-03,2751,2751.TWO,上櫃,91.27351,94.345215,91.27351,94.345215,2018,0.8776299055
2024-07-04,2751,2751.TWO,上櫃,94.345219,97.855738,93.906404,97.416924,19621,0.8776299416
2024-07-05,2751,2751.TWO,上櫃,94.345227,97.416932,93.906412,94.784042,7748,0.8776300218
2024-07-08,2751,2751.TWO,上櫃,92.589962,95.661667,91.273517,95.661667,22221,0.8776299713
2024-07-09,2751,2751.TWO,上櫃,96.539297,101.366262,95.222852,95.661667,19796,0.8776299713
2024-07-10,2751,2751.TWO,上櫃,95.222842,96.100471,94.784027,96.100471,20200,0.8776298767
2024-07-11,2751,2751.TWO,上櫃,96.100471,96.100471,94.345212,96.100471,17001,0.8776298767
2024-07-12,2751,2751.TWO,上櫃,96.100484,96.539299,94.345224,96.539299,8022,0.877629991
2024-07-15,2751,2751.TWO,上櫃,96.53929,96.53929,94.345215,94.345215,5333,0.8776299055
2024-07-16,2751,2751.TWO,上櫃,95.222845,95.222845,94.345215,94.345215,2002,0.8776299055
2024-07-17,2751,2751.TWO,上櫃,94.78403,94.78403,90.834695,94.345215,2517,0.8776299055
2024-07-18,2751,2751.TWO,上櫃,94.345215,94.345215,91.27351,94.345215,6907,0.8776299055
2024-07-19,2751,2751.TWO,上櫃,92.151144,92.151144,87.762995,89.957069,17220,0.8776299453
2024-07-22,2751,2751.TWO,上櫃,86.973132,89.957076,86.973132,87.763,30824,0.8776300049
2024-07-23,2751,2751.TWO,上櫃,88.201805,88.201805,88.201805,88.201805,9214,0.8776299016
2024-07-26,2751,2751.TWO,上櫃,87.148659,87.148659,86.885367,87.06089,2127,0.8776299685
2024-07-29,2751,2751.TWO,上櫃,87.06089,87.23642,87.06089,87.23642,7235,0.8776299632
2024-07-30,2751,2751.TWO,上櫃,86.885361,86.885361,86.446546,86.885361,2354,0.8776299062
2024-07-31,2751,2751.TWO,上櫃,86.885361,86.885361,86.885361,86.885361,0,0.8776299062
2024-08-01,2751,2751.TWO,上櫃,86.358788,86.358788,86.007735,86.183258,14410,0.8776299464
2024-08-02,2751,2751.TWO,上櫃,84.252472,86.183255,83.374842,84.252472,19764,0.8776299159
2024-08-05,2751,2751.TWO,上櫃,82.058405,83.37485,78.10907,78.10907,19244,0.877629998
2024-08-06,2751,2751.TWO,上櫃,81.970642,81.970642,81.970642,81.970642,16,0.8776299866
2024-08-07,2751,2751.TWO,上櫃,81.79511,82.321693,78.372359,82.321693,19468,0.8776299653
2024-08-08,2751,2751.TWO,上櫃,81.180771,82.409454,78.635643,82.409454,1012,0.8776299575
2024-08-09,2751,2751.TWO,上櫃,81.180772,82.321693,78.547882,82.321693,13025,0.8776299653
2024-08-12,2751,2751.TWO,上櫃,82.321691,83.638136,80.741954,82.760506,18690,0.8776299364
2024-08-13,2751,2751.TWO,上櫃,82.760506,82.760506,82.760506,82.760506,3283,0.8776299364
2024-08-14,2751,2751.TWO,上櫃,82.760507,82.760507,78.723404,82.497215,8152,0.8776299497
2024-08-15,2751,2751.TWO,上櫃,82.321693,82.321693,82.321693,82.321693,4221,0.8776299653
2024-08-16,2751,2751.TWO,上櫃,82.321686,82.321686,82.233917,82.233917,2604,0.8776298817
2024-08-19,2751,2751.TWO,上櫃,82.233927,82.233927,78.109069,78.37236,37595,0.8776299838
2024-08-20,2751,2751.TWO,上櫃,75.037363,78.021306,73.282103,73.545395,91833,0.8776299787
2024-08-21,2751,2751.TWO,上櫃,74.510778,75.47617,74.159725,74.861832,24466,0.8776298826
2024-08-22,2751,2751.TWO,上櫃,74.861838,75.6517,72.14118,73.720917,36652,0.8776299613
2024-08-23,2751,2751.TWO,上櫃,72.228948,74.159732,72.228948,73.720917,22407,0.8776299613
2024-08-26,2751,2751.TWO,上櫃,74.510783,74.598544,72.228946,72.843285,37005,0.877629935
2024-08-27,2751,2751.TWO,上櫃,72.141181,73.896441,71.702366,72.404472,36198,0.8776299679
2024-08-28,2751,2751.TWO,上櫃,73.106575,73.54539,68.016319,71.877892,376261,0.877629917
2024-08-29,2751,2751.TWO,上櫃,71.614602,73.984207,71.351317,73.984207,80868,0.8776299463
2024-08-30,2751,2751.TWO,上櫃,74.598544,78.460117,74.598544,77.93354,83093,0.8776299287
2024-09-02,2751,2751.TWO,上櫃,78.7234,79.337745,77.933538,78.196823,49845,0.8776299041
2024-09-03,2751,2751.TWO,上櫃,78.986694,79.337748,76.353805,78.986694,17632,0.8776299371
2024-09-04,2751,2751.TWO,上櫃,76.704861,78.021306,76.704861,77.231438,27909,0.8776299737
2024-09-05,2751,2751.TWO,上櫃,76.792623,77.933544,75.914993,77.231438,142227,0.8776299737
2024-09-06,2751,2751.TWO,上櫃,76.792617,77.055908,76.353802,77.055908,12739,0.8776299035
2024-09-09,2751,2751.TWO,上櫃,76.353801,78.284584,72.843281,78.284584,48228,0.877629896
2024-09-10,2751,2751.TWO,上櫃,71.000272,71.000272,65.120146,65.383438,713000,0.8776300417
2024-09-11,2751,2751.TWO,上櫃,65.822245,65.822245,61.960672,62.399487,226000,0.877629928
2024-09-12,2751,2751.TWO,上櫃,62.750544,64.418042,62.750544,63.101597,134000,0.877629979
2024-09-13,2751,2751.TWO,上櫃,63.891464,63.891464,62.926066,63.189358,85000,0.8776299689
2024-09-16,2751,2751.TWO,上櫃,63.101601,63.101601,62.575025,62.926071,47000,0.8776300397
2024-09-18,2751,2751.TWO,上櫃,63.189355,63.189355,62.399487,63.013832,73000,0.8776299361
2024-09-19,2751,2751.TWO,上櫃,62.487247,63.189354,61.785148,62.487247,88000,0.8776299178
2024-09-20,2751,2751.TWO,上櫃,62.575021,62.750544,61.521861,62.311729,74000,0.877629992
2024-09-23,2751,2751.TWO,上櫃,62.311731,62.311731,61.521862,62.048439,33000,0.87763001
2024-09-24,2751,2751.TWO,上櫃,61.697392,61.697392,61.258577,61.697392,35000,0.8776299976
2024-09-25,2751,2751.TWO,上櫃,61.697387,61.960672,61.609619,61.785149,21000,0.877629933
2024-09-26,2751,2751.TWO,上櫃,62.399489,62.399489,61.960674,61.960674,40000,0.8776299664
2024-09-27,2751,2751.TWO,上櫃,62.575019,62.750542,61.960674,62.136204,44000,0.8776299589
2024-09-30,2751,2751.TWO,上櫃,62.223965,62.66278,62.136204,62.136204,33000,0.8776299589
2024-10-01,2751,2751.TWO,上櫃,62.31173,62.31173,61.521861,61.697392,26000,0.8776299976
2024-10-04,2751,2751.TWO,上櫃,61.346336,62.048436,61.083044,61.960674,91000,0.8776299664
2024-10-07,2751,2751.TWO,上櫃,61.960672,61.960672,61.521857,61.785149,11000,0.877629933
2024-10-08,2751,2751.TWO,上櫃,62.311731,62.399492,61.785154,62.048439,23000,0.87763001
2024-10-09,2751,2751.TWO,上櫃,61.872916,61.960678,61.170809,61.434101,32000,0.8776300158
2024-10-11,2751,2751.TWO,上櫃,61.434099,61.521861,61.083046,61.083046,43000,0.8776299899
2024-10-14,2751,2751.TWO,上櫃,61.083048,61.434101,60.644233,61.434101,53000,0.8776300158
2024-10-15,2751,2751.TWO,上櫃,61.4341,61.4341,60.819762,60.995285,15000,0.8776300005
2024-10-16,2751,2751.TWO,上櫃,60.380947,61.083047,60.117655,60.995285,52000,0.8776300005
2024-10-17,2751,2751.TWO,上櫃,60.644229,60.644229,60.117652,60.205414,34000,0.8776299586
2024-10-18,2751,2751.TWO,上櫃,60.117655,60.293178,59.240025,59.240025,39000,0.8776299936
2024-10-21,2751,2751.TWO,上櫃,59.240018,59.766595,59.152256,59.678833,19000,0.8776298972
2024-10-22,2751,2751.TWO,上櫃,59.327784,59.678838,58.888969,59.591076,16000,0.877629964
2024-10-23,2751,2751.TWO,上櫃,59.591073,60.731988,59.591073,60.644226,26000,0.8776299192
2024-10-24,2751,2751.TWO,上櫃,61.434094,61.434094,60.644226,60.644226,26000,0.8776299192
2024-10-25,2751,2751.TWO,上櫃,61.434099,62.136205,61.170807,61.258575,48000,0.8776299823
2024-10-28,2751,2751.TWO,上櫃,61.258574,61.872912,60.90752,60.90752,24000,0.8776299561
2024-10-29,2751,2751.TWO,上櫃,61.170804,61.258573,60.468704,60.468704,24000,0.8776299403
2024-10-30,2751,2751.TWO,上櫃,60.468705,60.995282,59.942129,60.90752,28000,0.8776299561
2024-11-01,2751,2751.TWO,上櫃,60.644228,60.731989,60.468704,60.468704,7000,0.8776299403
2024-11-04,2751,2751.TWO,上櫃,60.556465,60.556465,60.11765,60.029888,15000,0.8776299242
2024-11-05,2751,2751.TWO,上櫃,59.85436,61.170805,59.85436,60.205414,14000,0.8776299586
2024-11-06,2751,2751.TWO,上櫃,59.854359,60.468704,59.854359,60.468704,9000,0.8776299403
2024-11-07,2751,2751.TWO,上櫃,60.029892,60.117653,59.503315,59.503315,26000,0.8776299748
2024-11-08,2751,2751.TWO,上櫃,59.85436,60.90752,59.85436,60.205414,33000,0.8776299586
2024-11-11,2751,2751.TWO,上櫃,60.380946,60.731992,60.380946,60.556469,14000,0.877629985
2024-11-12,2751,2751.TWO,上櫃,60.73199,60.995282,60.380944,60.205414,23000,0.8776299586
2024-11-13,2751,2751.TWO,上櫃,60.380943,60.995281,60.205413,60.468704,33000,0.8776299403
2024-11-14,2751,2751.TWO,上櫃,60.468701,60.468701,59.678833,59.678833,12000,0.8776298972
2024-11-15,2751,2751.TWO,上櫃,59.678839,60.995284,59.678839,59.942131,26000,0.8776299907
2024-11-18,2751,2751.TWO,上櫃,59.942124,60.556463,59.942124,60.293171,29000,0.8776298924
2024-11-19,2751,2751.TWO,上櫃,60.819761,60.819761,60.117654,60.556469,15000,0.877629985
2024-11-20,2751,2751.TWO,上櫃,59.854359,59.854359,59.766598,59.766598,12111,0.8776299425
2024-11-21,2751,2751.TWO,上櫃,60.468703,60.644226,59.766596,60.644226,63000,0.8776299192
2024-11-22,2751,2751.TWO,上櫃,60.731988,61.434094,60.644226,60.644226,24000,0.8776299192
2024-11-25,2751,2751.TWO,上櫃,61.4341,61.4341,60.995285,60.995285,32000,0.8776300005
2024-11-26,2751,2751.TWO,上櫃,60.81976,61.258575,60.731992,61.258575,28000,0.8776299823
2024-11-27,2751,2751.TWO,上櫃,61.346338,61.346338,60.55647,60.995285,20000,0.8776300005
2024-11-28,2751,2751.TWO,上櫃,61.258574,61.258574,60.117652,60.205414,25000,0.8776299586
2024-11-29,2751,2751.TWO,上櫃,60.556469,60.556469,59.942131,59.942131,10000,0.8776299907
2024-12-02,2751,2751.TWO,上櫃,60.029886,60.293171,59.678833,60.293171,33000,0.8776298924
2024-12-03,2751,2751.TWO,上櫃,60.029889,60.117651,59.766598,59.766598,11000,0.8776299425
2024-12-04,2751,2751.TWO,上櫃,59.766601,60.029893,59.503316,59.942131,20000,0.8776299907
2024-12-05,2751,2751.TWO,上櫃,60.205416,60.468708,59.942131,59.942131,24000,0.8776299907
2024-12-06,2751,2751.TWO,上櫃,59.942125,60.293171,59.591071,59.678833,27000,0.8776298972
2024-12-09,2751,2751.TWO,上櫃,59.678836,59.942128,59.678836,59.766598,26000,0.8776299425
2024-12-10,2751,2751.TWO,上櫃,60.029886,60.029886,59.678833,59.678833,7000,0.8776298972
2024-12-11,2751,2751.TWO,上櫃,60.293171,60.293171,59.678833,59.678833,18000,0.8776298972
2024-12-12,2751,2751.TWO,上櫃,59.591078,59.854363,59.240025,59.240025,20000,0.8776299936
2024-12-13,2751,2751.TWO,上櫃,59.942131,59.942131,59.240025,59.240025,14000,0.8776299936
2024-12-16,2751,2751.TWO,上櫃,59.240023,59.591076,58.888969,58.888969,14000,0.8776299666
2024-12-17,2751,2751.TWO,上櫃,59.240026,59.240026,58.976734,58.976734,7000,0.8776300125
2024-12-18,2751,2751.TWO,上櫃,59.064495,59.064495,58.976727,59.064495,7000,0.8776299021
2024-12-19,2751,2751.TWO,上櫃,59.240023,59.240023,58.888969,58.888969,4000,0.8776299666
2024-12-20,2751,2751.TWO,上櫃,58.537918,58.713448,58.011341,58.713448,31000,0.8776299885
2024-12-23,2751,2751.TWO,上櫃,58.450153,58.713445,57.923576,57.923576,28000,0.8776299448
2024-12-24,2751,2751.TWO,上櫃,58.011339,58.011339,57.484763,57.748055,24000,0.877629967
2024-12-25,2751,2751.TWO,上櫃,57.309236,57.309236,57.045944,57.045944,23000,0.877629911
2024-12-26,2751,2751.TWO,上櫃,57.133709,57.221471,57.133709,57.133709,5000,0.8776299584
2024-12-27,2751,2751.TWO,上櫃,57.133709,57.221471,57.133709,57.133709,3000,0.8776299584
2024-12-30,2751,2751.TWO,上櫃,57.133705,58.450149,57.133705,57.309235,21000,0.8776298919
2024-12-31,2751,2751.TWO,上櫃,57.484764,57.572526,57.484764,57.484764,5000,0.8776299862
2025-01-02,2751,2751.TWO,上櫃,58.011338,58.011338,57.923576,57.923576,7000,0.8776299448
2025-01-03,2751,2751.TWO,上櫃,57.309241,58.011341,57.309241,58.011341,8000,0.8776299914
2025-01-06,2751,2751.TWO,上櫃,58.01134,58.099102,57.923579,58.099102,7000,0.8776299803
2025-01-07,2751,2751.TWO,上櫃,58.011341,58.011341,57.923579,58.011341,2000,0.8776299914
2025-01-08,2751,2751.TWO,上櫃,57.923577,61.434097,57.923577,60.380943,55000,0.8776299509
2025-01-09,2751,2751.TWO,上櫃,60.293175,60.293175,57.923576,57.923576,13000,0.8776299448
2025-01-10,2751,2751.TWO,上櫃,58.888968,59.415545,58.450153,58.450153,14000,0.8776299503
2025-01-13,2751,2751.TWO,上櫃,57.484764,57.484764,56.958187,56.958187,10000,0.877629981
2025-01-14,2751,2751.TWO,上櫃,56.958185,59.766598,56.870423,59.766598,3000,0.8776299425
2025-01-15,2751,2751.TWO,上櫃,57.397002,58.713446,57.221472,58.274632,7000,0.8776299723
2025-01-16,2751,2751.TWO,上櫃,57.572525,58.18687,57.484764,58.099102,7000,0.8776299803
2025-01-17,2751,2751.TWO,上櫃,57.660283,58.976728,57.660283,58.801205,14000,0.8776299206
2025-01-20,2751,2751.TWO,上櫃,57.923579,58.801209,57.572526,58.011341,6000,0.8776299914
2025-01-21,2751,2751.TWO,上櫃,58.099101,59.591076,58.099101,59.591076,18000,0.877629964
2025-01-22,2751,2751.TWO,上櫃,59.678839,59.942131,59.503316,59.942131,22000,0.8776299907
2025-02-03,2751,2751.TWO,上櫃,59.854359,60.556466,59.503313,60.468704,16000,0.8776299403
2025-02-04,2751,2751.TWO,上櫃,60.468705,61.60962,60.380943,60.380943,30020,0.8776299509
2025-02-05,2751,2751.TWO,上櫃,60.468709,62.223969,60.468709,62.048439,40218,0.87763001
2025-02-06,2751,2751.TWO,上櫃,62.223969,62.750546,61.785154,62.048439,30000,0.87763001
2025-02-07,2751,2751.TWO,上櫃,62.223969,62.311731,61.346339,62.048439,12030,0.87763001
2025-02-10,2751,2751.TWO,上櫃,62.048438,62.575022,61.083046,61.697392,26021,0.8776299976
2025-02-11,2751,2751.TWO,上櫃,61.960673,62.48725,61.346335,61.521858,41038,0.8776299508
2025-02-12,2751,2751.TWO,上櫃,61.346335,62.311727,60.644228,61.521858,20000,0.8776299508
2025-02-13,2751,2751.TWO,上櫃,60.907522,61.52186,60.64423,61.258575,14012,0.8776299823
2025-02-14,2751,2751.TWO,上櫃,59.854363,61.083046,59.240024,61.083046,29090,0.8776299899
2025-02-17,2751,2751.TWO,上櫃,61.083046,61.170808,61.083046,61.083046,10011,0.8776299899
2025-02-18,2751,2751.TWO,上櫃,60.907523,60.995285,60.907523,60.995285,2016,0.8776300005
2025-02-19,2751,2751.TWO,上櫃,60.556466,61.521857,60.468704,60.468704,13051,0.8776299403
2025-02-20,2751,2751.TWO,上櫃,60.468703,60.556465,59.942126,60.029888,10000,0.8776299242
2025-02-21,2751,2751.TWO,上櫃,60.029892,60.556469,59.327786,60.556469,28000,0.877629985
2025-02-24,2751,2751.TWO,上櫃,60.117652,60.556467,60.117652,60.205414,11000,0.8776299586
2025-02-25,2751,2751.TWO,上櫃,60.205415,60.468706,60.117653,60.117653,20000,0.8776299692
2025-02-26,2751,2751.TWO,上櫃,59.591078,60.468707,58.976733,59.854362,26000,0.8776299878
2025-02-27,2751,2751.TWO,上櫃,60.117653,60.468706,60.029891,60.117653,26001,0.8776299692
2025-03-03,2751,2751.TWO,上櫃,59.942131,59.942131,59.240024,59.854362,18000,0.8776299878
2025-03-04,2751,2751.TWO,上櫃,59.854359,60.556466,59.678836,60.468704,26000,0.8776299403
2025-03-05,2751,2751.TWO,上櫃,60.644231,61.434099,60.029893,61.083046,38000,0.8776299899
2025-03-06,2751,2751.TWO,上櫃,62.662782,63.715935,61.872914,63.101597,274100,0.877629979
2025-03-07,2751,2751.TWO,上櫃,62.926073,63.62818,62.662788,63.277126,71000,0.8776300645
2025-03-10,2751,2751.TWO,上櫃,63.013836,63.013836,62.311729,62.311729,62000,0.877629992
2025-03-11,2751,2751.TWO,上櫃,61.872914,62.311729,60.907523,62.311729,61020,0.877629992
2025-03-12,2751,2751.TWO,上櫃,61.960674,62.311727,61.78515,62.136204,36500,0.8776299589
2025-03-13,2751,2751.TWO,上櫃,62.311725,62.311725,61.434095,61.87291,22000,0.8776299226
2025-03-14,2751,2751.TWO,上櫃,61.170807,62.048437,61.083045,61.258575,31124,0.8776299823
2025-03-17,2751,2751.TWO,上櫃,61.170806,61.52186,61.170806,61.346336,17011,0.8776299718
2025-03-18,2751,2751.TWO,上櫃,62.311728,62.311728,61.697389,61.960674,26000,0.8776299664
2025-03-19,2751,2751.TWO,上櫃,62.048433,62.048433,61.346333,61.87291,24000,0.8776299226
2025-03-20,2751,2751.TWO,上櫃,62.223964,62.223964,61.609619,61.609619,12000,0.8776299404
2025-03-21,2751,2751.TWO,上櫃,61.960671,62.048433,61.785148,61.87291,16500,0.8776299226
2025-03-24,2751,2751.TWO,上櫃,62.31173,62.31173,61.609623,61.697392,26050,0.8776299976
2025-03-25,2751,2751.TWO,上櫃,61.785153,61.785153,61.521861,61.697392,19004,0.8776299976
2025-03-26,2751,2751.TWO,上櫃,62.223968,62.311729,62.136206,62.311729,10179,0.877629992
2025-03-27,2751,2751.TWO,上櫃,62.311726,62.311726,61.872911,62.223965,26007,0.8776299485
2025-03-28,2751,2751.TWO,上櫃,62.223964,62.223964,61.434096,61.609619,35157,0.8776299404
2025-03-31,2751,2751.TWO,上櫃,61.258569,61.434092,59.678833,60.293171,64059,0.8776298924
2025-04-01,2751,2751.TWO,上櫃,60.105346,60.387093,59.1662,60.387093,20009,0.9391460299
2025-04-02,2751,2751.TWO,上櫃,60.387095,61.420155,60.387095,61.420155,16000,0.9391460725
2025-04-07,2751,2751.TWO,上櫃,55.315704,55.879191,55.315704,55.315704,62313,0.9391460596
2025-04-08,2751,2751.TWO,上櫃,52.028695,52.686094,50.713889,52.498268,39000,0.9391460947
2025-04-09,2751,2751.TWO,上櫃,51.653035,51.653035,49.11734,49.11734,23152,0.9391460957
2025-04-10,2751,2751.TWO,上櫃,53.81307,54.0009,53.81307,54.0009,9003,0.9391460916
2025-04-11,2751,2751.TWO,上櫃,53.625238,53.813068,53.625238,53.813068,3000,0.9391460577
2025-04-14,2751,2751.TWO,上櫃,54.940044,54.940044,54.188728,54.188728,6000,0.9391460592
2025-04-15,2751,2751.TWO,上櫃,55.879192,55.879192,55.879192,55.879192,2000,0.93914609
2025-04-16,2751,2751.TWO,上櫃,55.973106,56.348765,55.879192,55.879192,8020,0.93914609
2025-04-17,2751,2751.TWO,上櫃,55.409618,55.409618,55.409618,55.409618,1000,0.9391460742
2025-04-18,2751,2751.TWO,上櫃,55.503532,55.503532,55.409618,55.409618,4000,0.9391460742
2025-04-21,2751,2751.TWO,上櫃,55.409619,55.785279,54.0009,54.0009,15000,0.9391460916
2025-04-22,2751,2751.TWO,上櫃,54.000897,54.09481,53.437411,54.09481,4000,0.9391460403
2025-04-23,2751,2751.TWO,上櫃,55.503532,55.503532,55.409618,55.409618,10000,0.9391460742
2025-04-24,2751,2751.TWO,上櫃,57.28791,60.950581,57.28791,60.950581,104200,0.939146058
2025-04-25,2751,2751.TWO,上櫃,61.044497,61.88973,60.105351,60.48101,55000,0.9391461025
2025-04-28,2751,2751.TWO,上櫃,60.48101,60.48101,59.729691,60.48101,28100,0.9391461025
2025-04-29,2751,2751.TWO,上櫃,59.260112,62.922783,59.260112,62.922783,34300,0.9391460134
2025-04-30,2751,2751.TWO,上櫃,61.326238,62.922783,61.326238,62.922783,25000,0.9391460134
2025-05-02,2751,2751.TWO,上櫃,64.707164,64.707164,63.486271,64.613251,47000,0.9391460446
2025-05-05,2751,2751.TWO,上櫃,64.80108,64.988906,63.392361,63.392361,30004,0.9391460843
2025-05-06,2751,2751.TWO,上櫃,64.143674,64.143674,63.204528,63.861927,7000,0.9391459858
2025-05-07,2751,2751.TWO,上櫃,62.922788,63.768021,60.856669,63.768021,13000,0.9391460854
2025-05-08,2751,2751.TWO,上櫃,63.110612,64.143678,63.110612,63.580185,18000,0.9391460532
2025-05-09,2751,2751.TWO,上櫃,62.265388,63.674107,62.171468,63.016701,25000,0.9391460831
2025-05-12,2751,2751.TWO,上櫃,63.392361,65.270654,63.110615,63.110615,26120,0.9391460959
2025-05-13,2751,2751.TWO,上櫃,63.110609,63.110609,62.922783,62.922783,6000,0.9391460134
2025-05-14,2751,2751.TWO,上櫃,62.922785,62.922785,62.734959,62.734959,2000,0.9391460447
2025-05-15,2751,2751.TWO,上櫃,62.734963,62.734963,62.453217,62.453217,8014,0.9391461136
2025-05-16,2751,2751.TWO,上櫃,61.983638,62.734957,61.983638,62.641037,6000,0.9391460248
2025-05-19,2751,2751.TWO,上櫃,62.641037,62.641037,62.641037,62.641037,1000,0.9391460248
2025-05-20,2751,2751.TWO,上櫃,62.828876,62.828876,62.828876,62.828876,1000,0.9391461145
2025-05-21,2751,2751.TWO,上櫃,62.45321,62.922783,62.45321,62.922783,6000,0.9391460134
2025-05-22,2751,2751.TWO,上櫃,62.734959,62.734959,62.734959,62.734959,4000,0.9391460447
2025-05-23,2751,2751.TWO,上櫃,62.828872,62.922785,62.734959,62.734959,1000,0.9391460447
2025-05-26,2751,2751.TWO,上櫃,62.453211,62.453211,61.514065,61.514065,3168,0.9391460273
2025-05-27,2751,2751.TWO,上櫃,61.044493,61.138406,60.011434,60.105347,18015,0.9391460419
2025-05-28,2751,2751.TWO,上櫃,60.105349,60.105349,59.166203,59.166203,7003,0.9391460721
2025-05-29,2751,2751.TWO,上櫃,59.260113,59.447943,59.260113,59.260113,4000,0.9391460253
2025-06-02,2751,2751.TWO,上櫃,55.127874,57.381823,55.127874,56.06702,37000,0.9391460586
2025-06-03,2751,2751.TWO,上櫃,56.348762,56.818335,56.348762,56.630505,13000,0.9391460253
2025-06-04,2751,2751.TWO,上櫃,56.818334,57.287907,56.818334,57.287907,5000,0.9391460106
2025-06-05,2751,2751.TWO,上櫃,57.945315,58.414888,57.945315,58.227058,10000,0.9391461034
2025-06-06,2751,2751.TWO,上櫃,58.227058,58.227058,58.227058,58.227058,0,0.9391461034
2025-06-09,2751,2751.TWO,上櫃,58.320969,58.320969,57.945312,57.945312,3022,0.9391460581
2025-06-10,2751,2751.TWO,上櫃,60.293177,62.171469,60.293177,60.48101,33004,0.9391461025
2025-06-11,2751,2751.TWO,上櫃,60.481009,60.762749,60.105349,60.762749,6002,0.9391460832
2025-06-12,2751,2751.TWO,上櫃,59.354031,60.293174,59.354031,60.199261,12006,0.9391460553
2025-06-13,2751,2751.TWO,上櫃,60.105347,60.105347,60.105347,60.105347,2000,0.9391460419
2025-06-16,2751,2751.TWO,上櫃,60.105347,60.105347,60.105347,60.105347,0,0.9391460419
2025-06-17,2751,2751.TWO,上櫃,61.795812,61.795812,60.105347,60.105347,3180,0.9391460419
2025-06-18,2751,2751.TWO,上櫃,59.635775,60.574921,59.260115,60.574921,6000,0.9391460567
2025-06-19,2751,2751.TWO,上櫃,60.574921,60.574921,60.574921,60.574921,0,0.9391460567
2025-06-20,2751,2751.TWO,上櫃,60.574921,60.574921,60.574921,60.574921,0,0.9391460567
2025-06-23,2751,2751.TWO,上櫃,57.851397,58.790543,57.851397,58.790543,4000,0.9391460709
2025-06-24,2751,2751.TWO,上櫃,58.790539,59.541859,58.227053,59.541859,3000,0.9391460133
2025-06-25,2751,2751.TWO,上櫃,57.94531,58.414883,57.75748,58.414883,8000,0.939146012
2025-06-26,2751,2751.TWO,上櫃,58.414884,58.414884,56.724421,57.757481,22098,0.9391460264
2025-06-27,2751,2751.TWO,上櫃,57.757481,57.757481,57.757481,57.757481,0,0.9391460264
2025-06-30,2751,2751.TWO,上櫃,57.475739,57.475739,57.287909,57.475739,7100,0.9391460426
2025-07-01,2751,2751.TWO,上櫃,57.475739,57.475739,57.475739,57.475739,1087,0.9391460426
2025-07-02,2751,2751.TWO,上櫃,57.66357,57.66357,57.66357,57.66357,1000,0.9391460744
2025-07-03,2751,2751.TWO,上櫃,58.69663,58.69663,58.414887,58.508801,3019,0.939146087
2025-07-04,2751,2751.TWO,上櫃,58.227058,58.227058,58.133145,58.227058,8000,0.9391461034
2025-07-07,2751,2751.TWO,上櫃,58.227058,58.227058,58.227058,58.227058,3000,0.9391461034
2025-07-08,2751,2751.TWO,上櫃,58.227057,58.508801,57.287911,58.508801,4000,0.939146087
2025-07-09,2751,2751.TWO,上櫃,58.508801,58.508801,58.414887,58.508801,5000,0.939146087
2025-07-10,2751,2751.TWO,上櫃,61.326239,61.326239,59.729687,60.105347,32001,0.9391460419
2025-07-11,2751,2751.TWO,上櫃,60.105347,61.32624,60.105347,60.856667,30050,0.9391460447
2025-07-14,2751,2751.TWO,上櫃,60.85667,61.044497,60.293177,60.48101,11006,0.9391461025
2025-07-15,2751,2751.TWO,上櫃,60.105348,60.105348,59.635775,59.823605,8000,0.9391460576
2025-07-16,2751,2751.TWO,上櫃,59.823603,59.823603,59.635774,59.729687,6000,0.9391460404
2025-07-17,2751,2751.TWO,上櫃,59.35403,60.105347,59.35403,59.729687,9021,0.9391460404
2025-07-18,2751,2751.TWO,上櫃,59.635775,59.729688,59.354031,59.447945,10000,0.9391460562
2025-07-21,2751,2751.TWO,上櫃,59.447942,59.541859,59.447942,59.541859,2006,0.9391460133
2025-07-22,2751,2751.TWO,上櫃,59.166202,59.166202,59.072289,59.072289,3000,0.9391460585
2025-07-23,2751,2751.TWO,上櫃,59.354034,59.354034,59.354034,59.354034,5000,0.939146103
2025-07-24,2751,2751.TWO,上櫃,59.917519,59.917519,59.166203,59.166203,5000,0.9391460721
2025-07-25,2751,2751.TWO,上櫃,59.166201,59.729687,59.166201,59.729687,6080,0.9391460404
2025-07-28,2751,2751.TWO,上櫃,59.91752,60.10535,59.91752,60.011436,6100,0.9391460881
2025-07-29,2751,2751.TWO,上櫃,60.011436,60.011436,59.635777,60.011436,4000,0.9391460881
2025-07-30,2751,2751.TWO,上櫃,59.354031,60.105347,59.354031,60.105347,2000,0.9391460419
2025-07-31,2751,2751.TWO,上櫃,59.635775,59.635775,59.447945,59.447945,7000,0.9391460562
2025-08-04,2751,2751.TWO,上櫃,59.260116,59.917519,59.260116,59.917519,4000,0.939146071
2025-08-05,2751,2751.TWO,上櫃,60.011434,60.105347,59.729687,60.105347,6000,0.9391460419
2025-08-06,2751,2751.TWO,上櫃,60.574921,60.574921,60.574921,60.574921,8848,0.9391460567
2025-08-07,2751,2751.TWO,上櫃,60.199259,60.950579,60.011433,60.387093,22014,0.9391460299
2025-08-08,2751,2751.TWO,上櫃,60.387094,61.044493,60.387094,60.856667,20007,0.9391460447
2025-08-11,2751,2751.TWO,上櫃,61.138409,64.613254,61.138409,63.768021,81210,0.9391460854
2025-08-12,2751,2751.TWO,上櫃,66.491544,66.491544,63.955845,65.082825,69000,0.9391460583
2025-08-13,2751,2751.TWO,上櫃,65.082825,65.082825,64.801078,65.082825,27010,0.9391460583
2025-08-14,2751,2751.TWO,上櫃,65.270651,65.270651,64.894991,65.082825,12001,0.9391460583
2025-08-15,2751,2751.TWO,上櫃,65.552398,66.961117,65.552398,66.585457,102000,0.9391460566
2025-08-18,2751,2751.TWO,上櫃,66.679374,67.61852,66.491548,66.961121,33005,0.9391461114
2025-08-19,2751,2751.TWO,上櫃,67.242851,67.430685,66.491539,66.491539,34311,0.9391459906
2025-08-20,2751,2751.TWO,上櫃,66.115881,66.115881,64.988901,65.176735,27000,0.9391460157
2025-08-21,2751,2751.TWO,上櫃,66.491546,66.491546,65.5524,65.740227,25000,0.9391460964
2025-08-22,2751,2751.TWO,上櫃,66.021969,66.021969,65.646309,65.646309,8000,0.9391460296
2025-08-25,2751,2751.TWO,上櫃,65.928051,66.679371,65.646312,66.303711,47007,0.9391460676
2025-08-26,2751,2751.TWO,上櫃,66.491538,67.148937,66.491538,66.773277,60000,0.9391459735
2025-08-27,2751,2751.TWO,上櫃,67.148941,67.148941,66.679368,67.148941,36100,0.9391460285
2025-08-28,2751,2751.TWO,上櫃,67.333075,67.908577,67.333075,67.908577,12290,0.9591606503
2025-08-29,2751,2751.TWO,上櫃,67.428999,68.100408,67.428999,68.004494,10042,0.9591606805
2025-09-01,2751,2751.TWO,上櫃,67.429,68.57999,67.237163,68.388161,27000,0.9591606982
2025-09-02,2751,2751.TWO,上櫃,68.292234,68.484071,68.19632,68.19632,12000,0.9591606335
2025-09-03,2751,2751.TWO,上櫃,68.579992,68.675907,68.292241,68.484077,12000,0.9591607282
2025-09-04,2751,2751.TWO,上櫃,68.57999,68.867741,68.196324,68.388161,27000,0.9591606982
2025-09-05,2751,2751.TWO,上櫃,68.292235,68.579987,68.100406,68.579987,7010,0.9591606514
2025-09-08,2751,2751.TWO,上櫃,68.292235,68.292235,67.908577,67.908577,19043,0.9591606503
2025-09-09,2751,2751.TWO,上櫃,74.622705,74.622705,72.896213,73.375793,307110,0.9591606988
2025-09-10,2751,2751.TWO,上櫃,72.128878,72.320715,70.498308,72.2248,177000,0.9591606532
2025-09-11,2751,2751.TWO,上櫃,71.169719,72.896211,71.169719,71.6493,41000,0.9591606767
2025-09-12,2751,2751.TWO,上櫃,71.649299,72.41663,70.977889,71.93705,50100,0.9591606649
2025-09-15,2751,2751.TWO,上櫃,72.416631,74.622703,72.416631,73.279877,34098,0.9591606708
2025-09-16,2751,2751.TWO,上櫃,73.85537,73.85537,72.416629,72.89621,20080,0.9591606542
2025-09-17,2751,2751.TWO,上櫃,71.265645,71.457474,70.977893,71.457474,27000,0.9591607215
2025-09-18,2751,2751.TWO,上櫃,70.498311,70.977891,70.498311,70.69014,33000,0.9591606879
2025-09-19,2751,2751.TWO,上櫃,70.69014,70.881976,70.69014,70.69014,8000,0.9591606879
2025-09-22,2751,2751.TWO,上櫃,70.498314,71.169724,70.210563,71.169724,20005,0.9591607337
2025-09-23,2751,2751.TWO,上櫃,70.786063,71.073807,70.690141,71.073807,4000,0.9591607048
2025-09-24,2751,2751.TWO,上櫃,70.690143,71.169724,70.594229,71.169724,8000,0.9591607337
2025-09-25,2751,2751.TWO,上櫃,71.361555,71.361555,70.881975,71.26564,13080,0.959160664
2025-09-26,2751,2751.TWO,上櫃,71.265641,71.6493,71.265641,71.6493,8010,0.9591606767
2025-09-30,2751,2751.TWO,上櫃,70.498309,71.93705,70.402394,71.93705,18200,0.9591606649
2025-10-01,2751,2751.TWO,上櫃,71.841135,71.93705,71.649299,71.93705,9000,0.9591606649
2025-10-02,2751,2751.TWO,上櫃,71.841135,71.93705,71.45747,71.93705,16000,0.9591606649
2025-10-03,2751,2751.TWO,上櫃,72.608463,72.608463,71.937053,72.416634,26002,0.95916071
2025-10-07,2751,2751.TWO,上櫃,72.416633,72.704384,71.457472,72.704384,21000,0.9591606982
2025-10-08,2751,2751.TWO,上櫃,72.704381,73.663541,72.608459,72.89621,53055,0.9591606542
2025-10-09,2751,2751.TWO,上櫃,72.512543,72.512543,71.457467,72.512543,39000,0.9591606374
2025-10-13,2751,2751.TWO,上櫃,69.059566,70.881973,69.059566,70.210556,44000,0.9591606415
2025-10-14,2751,2751.TWO,上櫃,70.977889,71.937049,69.635062,69.922813,31007,0.9591606578
2025-10-15,2751,2751.TWO,上櫃,70.786064,70.786064,69.635067,70.114647,7000,0.9591607165
2025-10-16,2751,2751.TWO,上櫃,69.635062,69.635062,68.484072,69.251396,42000,0.9591606524
2025-10-17,2751,2751.TWO,上櫃,68.19632,69.251395,68.100405,68.867737,43000,0.9591606391
2025-10-20,2751,2751.TWO,上櫃,68.19632,69.059566,68.100405,68.867737,25000,0.9591606391
2025-10-21,2751,2751.TWO,上櫃,68.100406,68.579987,67.812655,68.579987,15000,0.9591606514
2025-10-22,2751,2751.TWO,上櫃,68.10041,68.10041,67.14125,68.10041,19005,0.9591607107
2025-10-23,2751,2751.TWO,上櫃,68.10041,68.10041,68.10041,68.10041,0,0.9591607107
2025-10-27,2751,2751.TWO,上櫃,68.388163,68.388163,66.661671,66.8535,28000,0.9591607359
2025-10-28,2751,2751.TWO,上櫃,66.182084,66.661664,65.606589,65.894333,25000,0.9591606377
2025-10-29,2751,2751.TWO,上櫃,65.606595,65.606595,63.400522,65.127014,64020,0.9591607172
2025-10-30,2751,2751.TWO,上櫃,63.976018,65.127015,63.688274,64.839264,4000,0.9591607305
2025-10-31,2751,2751.TWO,上櫃,64.359678,64.935173,64.263764,64.935173,12000,0.9591606494
2025-11-03,2751,2751.TWO,上櫃,64.167855,65.510681,64.167855,65.510681,16000,0.9591607354
2025-11-04,2751,2751.TWO,上櫃,65.894336,65.894336,65.127012,65.702507,3000,0.9591606864
2025-11-05,2751,2751.TWO,上櫃,65.031094,65.222923,64.359677,65.222923,10000,0.9591606365
2025-11-06,2751,2751.TWO,上櫃,65.222928,66.757584,65.222928,66.757584,10080,0.9591607052
2025-11-07,2751,2751.TWO,上櫃,66.086172,67.620828,66.086172,67.333076,12000,0.9591606753
2025-11-10,2751,2751.TWO,上櫃,64.359679,65.127011,63.304604,64.64743,66000,0.959160667
2025-11-11,2751,2751.TWO,上櫃,64.64743,64.64743,63.400519,64.64743,29000,0.959160667
2025-11-12,2751,2751.TWO,上櫃,64.16785,64.64743,63.304604,64.64743,15000,0.959160667
2025-11-13,2751,2751.TWO,上櫃,64.935177,65.031099,63.592358,63.784187,16000,0.9591607115
2025-11-14,2751,2751.TWO,上櫃,63.784185,63.784185,62.72911,63.688271,17000,0.9591606793
2025-11-17,2751,2751.TWO,上櫃,62.825026,64.071938,62.537275,64.071938,8000,0.9591606981
2025-11-18,2751,2751.TWO,上櫃,64.071937,64.071937,62.345445,63.40052,10000,0.9591606927
2025-11-19,2751,2751.TWO,上櫃,61.578113,63.688271,61.578113,63.208691,5002,0.9591606856
2025-11-20,2751,2751.TWO,上櫃,63.112776,64.35968,62.057693,64.35968,11102,0.9591606802
2025-11-21,2751,2751.TWO,上櫃,64.35968,64.35968,64.35968,64.35968,0,0.9591606802
2025-11-24,2751,2751.TWO,上櫃,63.784187,64.263768,62.441361,63.784187,17000,0.9591607115
2025-11-25,2751,2751.TWO,上櫃,63.304605,63.976015,62.72911,63.8801,11040,0.9591606864
2025-11-26,2751,2751.TWO,上櫃,64.743347,64.743347,64.743347,64.743347,1000,0.9591606988
2025-11-27,2751,2751.TWO,上櫃,64.743347,64.743347,64.647433,64.743347,4000,0.9591606988
2025-11-28,2751,2751.TWO,上櫃,64.263763,65.222923,64.071933,65.222923,17500,0.9591606365
2025-12-01,2751,2751.TWO,上櫃,64.83926,64.83926,63.880099,64.64743,6000,0.959160667
2025-12-02,2751,2751.TWO,上櫃,65.127011,65.127011,63.400519,63.496433,9006,0.9591606674
2025-12-03,2751,2751.TWO,上櫃,63.688271,63.8801,63.304605,63.8801,11000,0.9591606864
2025-12-04,2751,2751.TWO,上櫃,63.8801,64.167851,63.8801,63.8801,4000,0.9591606864
2025-12-05,2751,2751.TWO,上櫃,63.880102,63.880102,63.016856,63.784187,18000,0.9591607115
2025-12-08,2751,2751.TWO,上櫃,63.208689,63.304604,62.537272,63.304604,13000,0.9591606603
2025-12-09,2751,2751.TWO,上櫃,62.920939,62.920939,61.290368,61.674034,43125,0.9591606717
2025-12-10,2751,2751.TWO,上櫃,62.057693,62.345444,61.674034,62.345444,36000,0.9591606727
2025-12-11,2751,2751.TWO,上櫃,63.016856,63.016856,61.961781,61.961781,11000,0.9591607123
2025-12-12,2751,2751.TWO,上櫃,63.016853,63.016853,62.153614,62.153614,14000,0.9591606654
2025-12-15,2751,2751.TWO,上櫃,61.674033,61.769948,60.906702,61.482197,32000,0.9591606595
2025-12-16,2751,2751.TWO,上櫃,61.482197,61.482197,61.482197,61.482197,3000,0.9591606595
2025-12-17,2751,2751.TWO,上櫃,62.537275,62.537275,61.194453,61.290371,5000,0.9591607117
2025-12-18,2751,2751.TWO,上櫃,61.290371,61.674037,60.235292,61.290371,25000,0.9591607117
2025-12-19,2751,2751.TWO,上櫃,60.618958,61.4822,60.427125,61.290371,11000,0.9591607117
2025-12-22,2751,2751.TWO,上櫃,61.386283,61.386283,60.523037,61.002617,23007,0.9591606658
2025-12-23,2751,2751.TWO,上櫃,60.71487,61.002617,60.235289,60.523037,21044,0.9591606723
2025-12-24,2751,2751.TWO,上櫃,60.331208,60.810789,60.139376,60.71487,7000,0.9591606822
2025-12-26,2751,2751.TWO,上櫃,60.618958,60.618958,60.139377,60.618958,13000,0.9591607087
2025-12-29,2751,2751.TWO,上櫃,59.467962,60.139375,59.467962,60.043457,14066,0.9591606788
2025-12-30,2751,2751.TWO,上櫃,59.563879,59.563879,59.467964,59.467964,6003,0.9591607125
2025-12-31,2751,2751.TWO,上櫃,59.467964,59.947544,59.276131,59.276131,16064,0.9591607024
2026-01-02,2751,2751.TWO,上櫃,59.276129,59.467962,59.276129,59.372047,3004,0.9591606779
2026-01-05,2751,2751.TWO,上櫃,59.180215,59.180215,58.796549,58.892467,20005,0.9591606846
2026-01-06,2751,2751.TWO,上櫃,58.79655,59.084297,58.79655,59.084297,5000,0.9591606923
2026-01-07,2751,2751.TWO,上櫃,59.084297,59.75571,59.084297,59.084297,8014,0.9591606923
2026-01-08,2751,2751.TWO,上櫃,58.892467,59.659795,58.892467,59.372047,14000,0.9591606779
2026-01-09,2751,2751.TWO,上櫃,59.659794,59.659794,59.659794,59.659794,3000,0.9591606611
2026-01-12,2751,2751.TWO,上櫃,59.27613,59.27613,58.700635,59.084297,24000,0.9591606923
2026-01-13,2751,2751.TWO,上櫃,59.084298,60.714872,59.084298,59.467964,5073,0.9591607125
2026-01-14,2751,2751.TWO,上櫃,59.467962,60.043457,59.372047,59.851627,11000,0.9591606713
2026-01-15,2751,2751.TWO,上櫃,59.467963,59.563877,59.180215,59.563877,12000,0.9591606855
2026-01-16,2751,2751.TWO,上櫃,59.563878,59.659796,59.276131,59.276131,26000,0.9591607024
2026-01-19,2751,2751.TWO,上櫃,59.276131,59.947544,59.276131,59.276131,12000,0.9591607024
2026-01-20,2751,2751.TWO,上櫃,59.659797,59.659797,59.276131,59.467964,12042,0.9591607125
2026-01-21,2751,2751.TWO,上櫃,59.467962,59.659795,59.372047,59.372047,4000,0.9591606779
2026-01-22,2751,2751.TWO,上櫃,59.467964,59.563879,59.37205,59.467964,14000,0.9591607125
2026-01-23,2751,2751.TWO,上櫃,59.467963,59.467963,59.084297,59.084297,13000,0.9591606923
2026-01-26,2751,2751.TWO,上櫃,58.892468,59.084297,58.79655,59.084297,14000,0.9591606923
2026-01-27,2751,2751.TWO,上櫃,59.180214,59.180214,58.412886,58.508801,28008,0.959160664
2026-01-28,2751,2751.TWO,上櫃,58.125135,58.125135,57.54964,58.029221,26024,0.9591606708
2026-01-29,2751,2751.TWO,上櫃,57.645555,58.029221,57.549641,57.549641,20000,0.9591606776
2026-01-30,2751,2751.TWO,上櫃,58.316971,58.316971,58.316971,58.316971,1100,0.9591607164
2026-02-02,2751,2751.TWO,上櫃,57.645557,57.645557,57.645557,57.645557,1000,0.9591607133
2026-02-03,2751,2751.TWO,上櫃,57.741472,57.741472,57.070059,57.165974,39000,0.9591606565
2026-02-04,2751,2751.TWO,上櫃,57.261892,57.645554,57.165974,57.165974,11000,0.9591606565
2026-02-05,2751,2751.TWO,上櫃,57.83739,57.83739,56.87823,56.974148,12000,0.9591607127
2026-02-06,2751,2751.TWO,上櫃,57.357809,57.357809,56.590481,56.590481,8000,0.9591606916
2026-02-09,2751,2751.TWO,上櫃,56.398646,56.398646,56.014984,56.014984,29006,0.9591606621
2026-02-10,2751,2751.TWO,上櫃,55.919068,56.398649,55.631321,55.631321,23000,0.9591607061
2026-02-11,2751,2751.TWO,上櫃,55.151739,55.151739,54.384411,54.384411,83009,0.9591606724
2026-02-23,2751,2751.TWO,上櫃,54.768073,54.863991,54.288493,54.384411,28024,0.9591606724
2026-02-24,2751,2751.TWO,上櫃,54.384411,54.384411,54.288493,54.384411,5000,0.9591606724
2026-02-25,2751,2751.TWO,上櫃,54.480324,54.86399,54.480324,54.672157,14091,0.9591606542
2026-02-26,2751,2751.TWO,上櫃,54.863992,54.959906,54.576244,54.576244,40000,0.9591606835
2026-03-02,2751,2751.TWO,上櫃,54.480326,54.480326,53.617083,53.904831,23000,0.9591606797
2026-03-03,2751,2751.TWO,上櫃,53.521165,53.712997,53.329332,53.712997,12025,0.9591606685
2026-03-04,2751,2751.TWO,上櫃,52.082425,53.041585,51.794677,52.274258,18000,0.959160691
2026-03-05,2751,2751.TWO,上櫃,52.37017,55.055823,52.37017,54.672157,19000,0.9591606542
2026-03-06,2751,2751.TWO,上櫃,55.343571,55.631318,54.672158,55.343571,15000,0.9591606582
2026-03-09,2751,2751.TWO,上櫃,55.151738,55.151738,53.712997,54.672157,13024,0.9591606542
2026-03-10,2751,2751.TWO,上櫃,58.988382,58.988382,55.919067,57.549641,52000,0.9591606776
2026-03-11,2751,2751.TWO,上櫃,58.604716,59.467962,57.070061,58.892467,40000,0.9591606846
2026-03-12,2751,2751.TWO,上櫃,58.892467,58.988381,58.700634,58.700634,12000,0.9591606744
2026-03-13,2751,2751.TWO,上櫃,57.645555,58.029221,57.07006,58.029221,15300,0.9591606708
2026-03-16,2751,2751.TWO,上櫃,58.029222,58.029222,57.261894,57.261894,10067,0.959160695
2026-03-17,2751,2751.TWO,上櫃,57.165977,57.741475,56.590482,57.453728,12000,0.9591607055
2026-03-18,2751,2751.TWO,上櫃,57.453726,57.453726,57.070061,57.070061,5005,0.9591606845
2026-03-19,2751,2751.TWO,上櫃,57.549643,58.508804,57.549643,57.645557,14000,0.9591607133
2026-03-20,2751,2751.TWO,上櫃,57.645554,58.221053,57.645554,57.837387,15000,0.9591606603
2026-03-23,2751,2751.TWO,上櫃,57.54964,57.54964,56.782312,57.357807,12010,0.9591606671
2026-03-24,2751,2751.TWO,上櫃,56.686394,57.741473,56.014984,57.357807,33000,0.9591606671
2026-03-25,2751,2751.TWO,上櫃,57.549641,58.221054,57.549641,58.221054,4040,0.9591606811
2026-03-26,2751,2751.TWO,上櫃,58.221054,58.412887,57.549641,57.549641,4100,0.9591606776
2026-03-27,2751,2751.TWO,上櫃,57.07006,57.54964,57.07006,57.357807,5305,0.9591606671
2026-03-30,2751,2751.TWO,上櫃,56.974148,58.125138,56.206816,57.645557,14000,0.9591607133
2026-03-31,2751,2751.TWO,上櫃,57.645557,57.645557,56.110901,56.782314,8000,0.9591607022
2026-04-01,2751,2751.TWO,上櫃,57.357809,57.357809,56.110901,57.261894,14000,0.959160695
2026-04-02,2751,2751.TWO,上櫃,56.782315,56.878229,56.302734,56.302734,12023,0.9591607094
2026-04-07,2751,2751.TWO,上櫃,56.302733,56.398647,55.919067,56.398647,15080,0.959160681
2026-04-08,2751,2751.TWO,上櫃,57.453726,58.988381,57.357808,58.700634,67000,0.9591606744
2026-04-09,2751,2751.TWO,上櫃,58.299999,59.0,58.299999,59.0,6096,1.0
2026-04-10,2751,2751.TWO,上櫃,59.0,59.0,57.5,57.700001,17019,1.0
2026-04-13,2751,2751.TWO,上櫃,57.700001,57.700001,56.099998,56.299999,32013,1.0
2026-04-14,2751,2751.TWO,上櫃,56.400002,57.299999,56.400002,57.299999,24000,1.0
2026-04-15,2751,2751.TWO,上櫃,58.0,58.0,57.099998,57.099998,20000,1.0
2026-04-16,2751,2751.TWO,上櫃,58.0,58.0,57.099998,57.099998,9009,1.0
2026-04-17,2751,2751.TWO,上櫃,57.5,57.5,56.700001,57.0,13006,1.0
2026-04-20,2751,2751.TWO,上櫃,57.5,57.5,57.099998,57.099998,9002,1.0
2026-04-21,2751,2751.TWO,上櫃,57.700001,58.099998,57.700001,57.700001,3000,1.0
2026-04-22,2751,2751.TWO,上櫃,57.700001,57.700001,56.0,56.900002,21000,1.0
2026-04-23,2751,2751.TWO,上櫃,57.0,57.799999,54.799999,56.0,37006,1.0
2026-04-24,2751,2751.TWO,上櫃,56.0,56.799999,55.200001,55.900002,16000,1.0
2026-04-27,2751,2751.TWO,上櫃,55.099998,55.200001,55.0,55.0,14000,1.0
2026-04-28,2751,2751.TWO,上櫃,54.599998,54.900002,54.0,54.900002,37000,1.0
2026-04-29,2751,2751.TWO,上櫃,54.900002,54.900002,54.599998,54.700001,4000,1.0
2026-04-30,2751,2751.TWO,上櫃,54.700001,55.0,54.700001,55.0,3000,1.0
2026-05-04,2751,2751.TWO,上櫃,55.0,55.5,55.0,55.5,3000,1.0
2026-05-05,2751,2751.TWO,上櫃,55.0,55.5,54.799999,54.799999,10052,1.0
2026-05-06,2751,2751.TWO,上櫃,54.299999,54.5,53.700001,54.400002,57200,1.0
2026-05-07,2751,2751.TWO,上櫃,54.599998,54.700001,54.5,54.700001,5000,1.0
2026-05-08,2751,2751.TWO,上櫃,54.099998,55.5,52.0,55.400002,114000,1.0
2026-05-11,2751,2751.TWO,上櫃,54.099998,54.099998,53.599998,54.099998,12121,1.0
2026-05-12,2751,2751.TWO,上櫃,54.0,54.0,53.099998,53.900002,28000,1.0
2026-05-13,2751,2751.TWO,上櫃,52.799999,54.200001,52.700001,53.799999,7000,1.0
2026-05-14,2751,2751.TWO,上櫃,54.0,54.0,53.200001,53.299999,7000,1.0
2026-05-15,2751,2751.TWO,上櫃,53.200001,53.5,52.900002,53.5,18000,1.0
2026-05-18,2751,2751.TWO,上櫃,52.5,52.599998,52.200001,52.299999,7000,1.0
2026-05-19,2751,2751.TWO,上櫃,52.099998,52.400002,51.599998,52.400002,11000,1.0
2026-05-20,2751,2751.TWO,上櫃,51.799999,51.799999,51.700001,51.700001,12000,1.0
2026-05-21,2751,2751.TWO,上櫃,51.799999,52.0,51.599998,51.799999,11000,1.0
2026-05-22,2751,2751.TWO,上櫃,52.0,52.200001,52.0,52.200001,4000,1.0
2026-05-25,2751,2751.TWO,上櫃,51.799999,51.799999,51.599998,51.799999,4000,1.0
2026-05-26,2751,2751.TWO,上櫃,51.599998,51.900002,51.099998,51.799999,15016,1.0
2026-05-27,2751,2751.TWO,上櫃,51.0,51.700001,51.0,51.5,8000,1.0
2026-05-28,2751,2751.TWO,上櫃,51.0,52.0,51.0,51.799999,17000,1.0
2026-05-29,2751,2751.TWO,上櫃,52.0,53.900002,51.799999,52.799999,22005,1.0
2026-06-01,2751,2751.TWO,上櫃,53.0,54.299999,52.299999,52.5,13108,1.0
2026-06-02,2751,2751.TWO,上櫃,52.799999,53.299999,52.0,52.5,9125,1.0
2026-06-03,2751,2751.TWO,上櫃,52.0,52.900002,51.0,52.400002,16100,1.0
2026-06-04,2751,2751.TWO,上櫃,52.599998,52.599998,51.700001,52.299999,22866,1.0
2026-06-05,2751,2751.TWO,上櫃,53.099998,53.099998,53.099998,53.099998,7919,1.0
2026-06-08,2751,2751.TWO,上櫃,50.599998,51.299999,50.599998,51.0,8467,1.0
2026-06-09,2751,2751.TWO,上櫃,52.799999,52.799999,51.5,52.200001,10514,1.0
